,Unnamed: 0,Unnamed: 0.1,node1,node2,adamic_adar,common_neighbors,preferential_attachment,total_neighbors,similarity,label,similarity_tfidf,similarity_top_5,similarity_top_100,similarity_top_250
0,817,817,91485,31891,0.23868315209103,1.0,153.0,53.0,0.0,0,0.0,0.0,0.0,0.0
1,793,793,38944,38945,3.1784094886133,7.0,64.0,9.0,0.0,1,0.0,0.0,0.0,0.0
2,612,612,263231,31891,0.23868315209103,1.0,21.0,9.0,0.0,0,0.0,0.0,0.0,0.0
3,279,279,34236,34239,3.0833900542185004,6.0,49.0,8.0,1.0,1,0.0,0.0,0.0,0.0
4,270,270,38289,38297,3.5735345968417596,9.0,910.0,92.0,0.0,1,0.0,0.0,0.0,0.0
5,812,812,89474,31891,0.0,0.0,75.0,28.0,0.0,0,0.06036745406824147,0.06779661016949153,0.03162055335968379,0.03137254901960784
6,402,402,40913,40914,2.14758329573017,4.0,25.0,6.0,0.0,1,0.0,0.0,0.0,0.0
7,242,242,35307,37881,7.91239886576761,26.0,3213.0,88.0,0.0,1,0.0,0.0,0.0,0.0
8,629,629,57361,31891,0.0,0.0,108.0,39.0,0.0,0,0.0,0.0,0.0,0.0
9,45,45,38156,38164,4.15089991748027,11.0,144.0,13.0,0.0,1,0.0,0.0,0.0,0.0
10,676,676,164475,31891,0.0,0.0,36.0,15.0,0.0,0,0.05583756345177665,0.02857142857142857,0.014814814814814815,0.014705882352941176
11,17,17,54775,31891,0.0,0.0,78.0,29.0,0.0,0,0.0,0.0,0.0,0.0
12,71,71,204986,31891,0.23868315209103,1.0,12.0,6.0,0.0,0,0.04371584699453552,0.03333333333333333,0.012711864406779662,0.012605042016806723
13,489,489,236341,31891,0.0,0.0,36.0,15.0,0.0,0,0.0,0.0,0.0,0.0
14,681,681,38157,38160,4.15089991748027,11.0,144.0,13.0,0.0,1,0.0,0.0,0.0,0.0
15,730,730,69810,31891,0.0,0.0,57.0,22.0,0.0,0,0.09785202863961814,0.10714285714285714,0.05161290322580645,0.050793650793650794
16,37,37,204866,31891,0.0,0.0,42.0,17.0,0.0,0,0.0705596107055961,0.04285714285714286,0.03225806451612903,0.03146853146853147
17,744,744,32956,32968,5.32434022085387,15.0,256.0,17.0,1.0,1,0.0,0.0,0.0,0.0
18,133,133,106112,31891,0.0,0.0,9.0,6.0,0.0,0,0.0,0.0,0.0,0.0
19,91,91,195025,31891,0.0,0.0,24.0,11.0,0.0,0,0.0,0.0,0.0,0.0
20,273,273,164474,31891,0.0,0.0,36.0,15.0,0.0,0,0.05583756345177665,0.02857142857142857,0.014814814814814815,0.014705882352941176
21,569,569,201858,31891,0.0,0.0,135.0,48.0,0.0,0,0.0,0.0,0.0,0.0
22,371,371,138497,31891,0.23868315209103,1.0,21.0,9.0,0.0,0,0.0,0.0,0.0,0.0
23,265,265,32959,32967,5.32434022085387,15.0,256.0,17.0,0.0,1,0.0,0.0,0.0,0.0
24,590,590,60807,31891,0.23868315209103,1.0,222.0,76.0,0.0,0,0.0,0.0,0.0,0.0
25,741,741,38007,38010,4.67845494301536,12.0,169.0,14.0,0.0,1,0.0,0.0,0.0,0.0
26,871,871,37744,37750,3.64095690650735,8.0,99.0,12.0,0.0,1,0.08247422680412371,0.1,0.056818181818181816,0.056818181818181816
27,441,441,37513,37515,4.32851645592004,11.0,360.0,31.0,0.0,1,1.0,1.0,1.0,1.0
28,818,818,100082,31891,0.23868315209103,1.0,24.0,10.0,0.0,0,0.0,0.0,0.0,0.0
29,35,35,35034,35036,2.16404256133344,3.0,16.0,5.0,0.0,1,0.0,0.0,0.0,0.0
30,284,284,41147,41148,4.90386850747218,8.0,207.0,24.0,0.7027027027027031,1,0.0,0.0,0.0,0.0
31,465,465,37511,37521,4.261856799493,11.0,192.0,17.0,0.0,1,0.0,0.0,0.0,0.0
32,513,513,32488,32491,1.82047845325367,2.0,9.0,4.0,1.0,1,0.0,0.0,0.0,0.0
33,224,224,113841,31891,0.0,0.0,96.0,35.0,0.0,0,0.0,0.0,0.0,0.0
34,398,398,183439,31891,0.0,0.0,51.0,20.0,0.0,0,0.0,0.0,0.0,0.0
35,553,553,36289,36292,2.3315497708825497,6.0,196.0,29.0,0.0,1,0.22817764165390506,0.3269230769230769,0.12549019607843137,0.12355212355212356
36,285,285,41147,41148,4.90386850747218,8.0,207.0,24.0,0.7027027027027031,1,0.0,0.0,0.0,0.0
37,527,527,141159,31891,0.0,0.0,39.0,16.0,0.0,0,0.09975062344139651,0.06666666666666667,0.04240282685512368,0.042105263157894736
38,768,768,41206,41211,5.79938150274611,18.0,2204.0,117.0,0.0,1,1.0,1.0,1.0,1.0
39,364,364,39013,39020,15.7179255564699,45.0,8960.0,171.0,0.38996820911338703,1,0.0,0.0,0.0,0.0
40,600,600,38011,38014,4.67845494301536,12.0,169.0,14.0,0.0,1,0.0,0.0,0.0,0.0
41,366,366,40911,40915,2.14758329573017,4.0,25.0,6.0,1.0,1,0.0,0.0,0.0,0.0
42,410,410,37409,37411,5.29772596784572,16.0,289.0,18.0,0.0,1,0.0,0.0,0.0,0.0
43,125,125,38009,38011,4.67845494301536,12.0,169.0,14.0,0.0,1,0.0,0.0,0.0,0.0
44,255,255,52552,31891,0.0,0.0,291.0,100.0,0.0,0,0.0,0.0,0.0,0.0
45,159,159,274242,31891,0.0,0.0,57.0,22.0,0.0,0,0.0,0.0,0.0,0.0
46,505,505,37397,37416,5.38139958364609,16.0,697.0,42.0,0.0,1,0.0,0.0,0.0,0.0
47,699,699,169529,31891,0.0,0.0,60.0,23.0,0.0,0,0.05974025974025974,0.056338028169014086,0.018518518518518517,0.01838235294117647
48,268,268,179709,31891,0.0,0.0,78.0,29.0,0.0,0,0.09394572025052192,0.08888888888888889,0.04935064935064935,0.04896907216494845
49,297,297,153061,31891,0.0,0.0,78.0,29.0,0.0,0,0.0,0.0,0.0,0.0
50,154,154,81821,31891,0.0,0.0,21.0,10.0,0.0,0,0.07888040712468193,0.06944444444444445,0.04059040590405904,0.040293040293040296
51,422,422,176398,31891,0.23868315209103,1.0,36.0,14.0,0.0,0,0.06467661691542288,0.029411764705882353,0.02877697841726619,0.02857142857142857
52,49,49,36979,31891,0.267546386419054,1.0,84.0,30.0,0.0,0,0.08080808080808081,0.08695652173913043,0.03260869565217391,0.03237410071942446
53,247,247,151200,31891,0.0,0.0,12.0,7.0,0.0,0,0.008264462809917356,0.0,0.0,0.0
54,521,521,36168,36170,2.2538760489301204,4.0,25.0,6.0,0.0,1,0.5185185185185185,0.5625,0.42452830188679247,0.42201834862385323
55,453,453,117363,31891,0.0,0.0,9.0,6.0,0.0,0,0.031914893617021274,0.045454545454545456,0.012396694214876033,0.012295081967213115
56,274,274,36231,36234,1.36535883994026,2.0,160.0,24.0,0.0,1,0.6272727272727273,0.6307692307692307,0.5475285171102662,0.5471698113207547
57,127,127,40326,40328,1.95659338325871,3.0,32.0,9.0,0.0,1,0.0,0.0,0.0,0.0
58,663,663,36709,36710,3.8532790369159597,9.0,100.0,11.0,0.0,1,0.0,0.0,0.0,0.0
59,341,341,183436,31891,0.0,0.0,51.0,20.0,0.0,0,0.11324786324786325,0.16326530612244897,0.057065217391304345,0.056
60,609,609,123285,31891,0.0,0.0,81.0,30.0,0.0,0,0.0,0.0,0.0,0.0
61,587,587,34237,34239,3.0833900542185004,6.0,49.0,8.0,0.0,1,0.0,0.0,0.0,0.0
62,572,572,32970,32972,5.32434022085387,15.0,256.0,17.0,0.0,1,0.0,0.0,0.0,0.0
63,488,488,39591,39599,4.60049577133676,12.0,169.0,14.0,0.0,1,0.0,0.0,0.0,0.0
64,160,160,39918,39919,1.24266986911922,2.0,15.0,6.0,0.589887640449438,1,0.0,0.0,0.0,0.0
65,388,388,239192,31891,0.0,0.0,33.0,14.0,0.0,0,0.0,0.0,0.0,0.0
66,647,647,195032,31891,0.0,0.0,24.0,11.0,0.0,0,0.10047846889952153,0.12987012987012986,0.053156146179401995,0.05263157894736842
67,101,101,92498,31891,0.0,0.0,396.0,135.0,0.0,0,0.0,0.0,0.0,0.0
68,775,775,32969,32970,5.32434022085387,15.0,256.0,17.0,0.0,1,0.0,0.0,0.0,0.0
69,278,278,40911,40914,2.14758329573017,4.0,25.0,6.0,1.0,1,0.0,0.0,0.0,0.0
70,615,615,38161,38168,4.192655761639871,11.0,192.0,17.0,0.0,1,0.0,0.0,0.0,0.0
71,438,438,40721,31891,0.0,0.0,168.0,59.0,0.0,0,0.0,0.0,0.0,0.0
72,228,228,36171,36172,2.48533973823845,4.0,65.0,14.0,0.0,1,0.0,0.0,0.0,0.0
73,237,237,38008,38015,4.67845494301536,12.0,169.0,14.0,0.0,1,0.0,0.0,0.0,0.0
74,282,282,117979,31891,0.0,0.0,408.0,139.0,0.0,0,0.09699769053117784,0.12345679012345678,0.04716981132075472,0.046583850931677016
75,241,241,140381,31891,0.0,0.0,21.0,10.0,0.0,0,0.0827250608272506,0.11267605633802817,0.038461538461538464,0.03819444444444445
76,658,658,38159,38167,4.27206310779939,11.0,420.0,36.0,0.0,1,0.0,0.0,0.0,0.0
77,12,12,39591,39602,4.61144383489809,12.0,182.0,15.0,0.0,1,0.0,0.0,0.0,0.0
78,196,196,37744,37747,3.6028696846181805,8.0,81.0,10.0,0.0,1,0.08247422680412371,0.1,0.056818181818181816,0.056818181818181816
79,796,796,43022,31891,0.0,0.0,48.0,19.0,0.0,0,0.06361323155216285,0.11428571428571428,0.03745318352059925,0.03717472118959108
80,347,347,236345,31891,0.0,0.0,36.0,15.0,0.0,0,0.10941475826972011,0.15625,0.07806691449814127,0.07720588235294118
81,191,191,183440,31891,0.0,0.0,51.0,20.0,0.0,0,0.072992700729927,0.10666666666666667,0.03496503496503497,0.03436426116838488
82,780,780,243051,31891,0.0,0.0,24.0,11.0,0.0,0,0.06341463414634146,0.08450704225352113,0.028268551236749116,0.028070175438596492
83,685,685,66030,31891,0.267546386419054,1.0,150.0,52.0,0.0,0,0.0,0.0,0.0,0.0
84,356,356,63661,31891,0.23868315209103,1.0,33.0,13.0,0.0,0,0.0,0.0,0.0,0.0
85,177,177,100084,31891,0.506229538510084,2.0,219.0,74.0,0.0,0,0.0,0.0,0.0,0.0
86,648,648,43019,31891,0.0,0.0,27.0,12.0,0.0,0,0.06361323155216285,0.11428571428571428,0.03745318352059925,0.03717472118959108
87,654,654,118081,31891,0.0,0.0,201.0,70.0,0.0,0,0.12382739212007504,0.16666666666666666,0.06794055201698514,0.06680584551148225
88,460,460,145763,31891,0.0,0.0,12.0,7.0,0.0,0,0.0,0.0,0.0,0.0
89,79,79,171314,31891,0.0,0.0,36.0,15.0,0.0,0,0.09026128266033254,0.13157894736842105,0.042071197411003236,0.041401273885350316
90,406,406,35263,35265,1.6315867470713201,2.0,12.0,5.0,0.0,1,0.0,0.0,0.0,0.0
91,303,303,39749,39755,4.45671786674266,12.0,169.0,14.0,0.0,1,0.0,0.0,0.0,0.0
92,105,105,87765,31891,0.0,0.0,15.0,8.0,0.0,0,0.0,0.0,0.0,0.0
93,806,806,41205,41221,5.69908134939062,18.0,475.0,26.0,0.0,1,0.0,0.0,0.0,0.0
94,324,324,45665,31891,0.0,0.0,18.0,9.0,0.0,0,0.0,0.0,0.0,0.0
95,720,720,198920,31891,0.0,0.0,30.0,13.0,0.0,0,0.06217616580310881,0.10144927536231885,0.0299625468164794,0.02973977695167286
96,545,545,163090,31891,0.0,0.0,9.0,6.0,0.0,0,0.10123456790123457,0.14473684210526316,0.05964912280701754,0.059027777777777776
97,551,551,40915,40917,2.48533973823845,4.0,170.0,35.0,0.0,1,0.0,0.0,0.0,0.0
98,195,195,277183,31891,0.23868315209103,1.0,6.0,4.0,0.0,0,0.056555269922879174,0.08333333333333333,0.025925925925925925,0.02564102564102564
99,130,130,32971,32972,5.41010640333361,15.0,608.0,39.0,0.0,1,0.0,0.0,0.0,0.0
100,96,96,168915,31891,0.0,0.0,54.0,21.0,0.0,0,0.06281407035175879,0.014084507042253521,0.02527075812274368,0.025
101,463,463,239197,31891,0.0,0.0,33.0,14.0,0.0,0,0.0,0.0,0.0,0.0
102,592,592,39597,39599,4.60049577133676,12.0,169.0,14.0,0.0,1,0.0,0.0,0.0,0.0
103,118,118,32436,32437,0.0,0.0,1.0,2.0,0.0,1,0.0,0.0,0.0,0.0
104,476,476,36135,36292,11.3002934700872,27.0,952.0,35.0,0.0,1,0.0,0.0,0.0,0.0
105,169,169,37410,37419,5.3537078873371104,16.0,493.0,30.0,0.0,1,0.22461928934010153,0.23295454545454544,0.1423728813559322,0.1411111111111111
106,149,149,37397,37411,5.29772596784572,16.0,289.0,18.0,0.0,1,0.0,0.0,0.0,0.0
107,355,355,72896,31891,0.0,0.0,21.0,10.0,0.0,0,0.0,0.0,0.0,0.0
108,675,675,32962,32966,5.32434022085387,15.0,256.0,17.0,0.0,1,0.0,0.0,0.0,0.0
109,493,493,118075,31891,0.0,0.0,84.0,31.0,0.0,0,0.07109004739336493,0.06172839506172839,0.030100334448160536,0.029801324503311258
110,134,134,140376,31891,0.0,0.0,21.0,10.0,0.0,0,0.12951167728237792,0.17525773195876287,0.06860158311345646,0.06806282722513089
111,682,682,225694,31891,0.0,0.0,27.0,12.0,0.0,0,0.11363636363636363,0.11428571428571428,0.04887218045112782,0.048507462686567165
112,694,694,40911,40918,2.14758329573017,4.0,25.0,6.0,1.0,1,0.0,0.0,0.0,0.0
113,576,576,38940,38947,3.31968456368118,7.0,152.0,20.0,0.0,1,0.0,0.0,0.0,0.0
114,204,204,34368,35307,1.78518160094473,5.0,378.0,64.0,0.0,1,0.0,0.0,0.0,0.0
115,790,790,32966,32971,5.41010640333361,15.0,608.0,39.0,0.0,1,0.0,0.0,0.0,0.0
116,301,301,220418,31891,0.0,0.0,21.0,10.0,0.0,0,0.09732360097323602,0.14285714285714285,0.05536332179930796,0.0547945205479452
117,323,323,153069,31891,0.0,0.0,78.0,29.0,0.0,0,0.0,0.0,0.0,0.0
118,791,791,39750,39751,4.45671786674266,12.0,169.0,14.0,0.0,1,0.0,0.0,0.0,0.0
119,121,121,151199,31891,0.0,0.0,12.0,7.0,0.0,0,0.008264462809917356,0.0,0.0,0.0
120,289,289,38942,38949,3.1784094886133,7.0,64.0,9.0,1.0,1,0.0,0.0,0.0,0.0
121,157,157,40324,40325,1.92359338785195,3.0,28.0,8.0,0.0,1,0.0,0.0,0.0,0.0
122,497,497,35033,35034,2.16404256133344,3.0,16.0,5.0,0.0,1,0.0,0.0,0.0,0.0
123,668,668,35884,35887,3.2089055349266,7.0,136.0,18.0,0.0,1,0.0,0.0,0.0,0.0
124,672,672,38010,38016,4.67845494301536,12.0,169.0,14.0,0.0,1,0.0,0.0,0.0,0.0
125,145,145,32956,32969,5.32434022085387,15.0,256.0,17.0,1.0,1,0.0,0.0,0.0,0.0
126,263,263,220465,31891,0.0,0.0,30.0,13.0,0.0,0,0.0,0.0,0.0,0.0
127,552,552,41204,41212,5.751431049863089,18.0,912.0,49.0,0.0,1,1.0,1.0,1.0,1.0
128,93,93,72895,31891,0.0,0.0,21.0,10.0,0.0,0,0.0,0.0,0.0,0.0
129,577,577,250707,31891,0.0,0.0,42.0,17.0,0.0,0,0.0,0.0,0.0,0.0
130,415,415,249428,31891,0.0,0.0,12.0,7.0,0.0,0,0.14132762312633834,0.19101123595505617,0.06722689075630252,0.06611570247933884
131,712,712,40305,40310,2.6667369881082403,5.0,36.0,7.0,1.0,1,0.0,0.0,0.0,0.0
132,276,276,40326,40327,1.95659338325871,3.0,32.0,9.0,0.0,1,0.0,0.0,0.0,0.0
133,352,352,49683,31891,0.0,0.0,105.0,38.0,0.0,0,0.0,0.0,0.0,0.0
134,531,531,37652,37655,2.63487211058683,5.0,60.0,11.0,0.0,1,0.29605263157894735,0.28888888888888886,0.25,0.24918032786885247
135,679,679,73099,31891,0.0,0.0,18.0,9.0,0.0,0,0.0675,0.05970149253731343,0.03663003663003663,0.03636363636363636
136,172,172,164476,31891,0.0,0.0,36.0,15.0,0.0,0,0.05583756345177665,0.02857142857142857,0.014814814814814815,0.014705882352941176
137,655,655,33284,33287,2.51668896077654,5.0,36.0,7.0,0.0,1,0.0,0.0,0.0,0.0
138,74,74,35128,35133,1.7304579969148701,4.0,100.0,21.0,0.0,1,0.0,0.0,0.0,0.0
139,832,832,45664,31891,0.267546386419054,1.0,72.0,26.0,0.0,0,0.0,0.0,0.0,0.0
140,876,876,141160,31891,0.0,0.0,90.0,33.0,0.0,0,0.13655462184873948,0.1326530612244898,0.07088607594936709,0.07052896725440806
141,852,852,41371,41377,2.8699952805266804,8.0,81.0,10.0,0.0,1,0.0,0.0,0.0,0.0
142,670,670,236347,31891,0.0,0.0,36.0,15.0,0.0,0,0.10941475826972011,0.15625,0.07806691449814127,0.07720588235294118
143,504,504,141152,31891,0.23868315209103,1.0,75.0,27.0,0.0,0,0.0815347721822542,0.10526315789473684,0.05244755244755245,0.052083333333333336
144,253,253,45325,31891,0.0,0.0,201.0,70.0,0.0,0,0.0,0.0,0.0,0.0
145,608,608,85248,31891,0.0,0.0,93.0,34.0,0.0,0,0.0,0.0,0.0,0.0
146,585,585,32968,32969,5.32434022085387,15.0,256.0,17.0,0.0,1,0.0,0.0,0.0,0.0
147,223,223,40306,40309,2.6667369881082403,5.0,36.0,7.0,0.0,1,0.0,0.0,0.0,0.0
148,683,683,104013,31891,0.267546386419054,1.0,54.0,20.0,0.0,0,0.1111111111111111,0.15789473684210525,0.06557377049180328,0.06472491909385113
149,538,538,60903,31891,0.0,0.0,78.0,29.0,0.0,0,0.0,0.0,0.0,0.0
150,183,183,36708,36711,3.8532790369159597,9.0,100.0,11.0,0.0,1,0.0,0.0,0.0,0.0
151,690,690,269510,31891,0.23868315209103,1.0,60.0,22.0,0.0,0,0.12826603325415678,0.20833333333333334,0.08053691275167785,0.07894736842105263
152,713,713,37150,37153,1.3911375735898301,2.0,9.0,4.0,1.0,1,0.0,0.0,0.0,0.0
153,6,6,72456,31891,0.0,0.0,183.0,64.0,0.0,0,0.0,0.0,0.0,0.0
154,0,0,39587,39601,4.6565588158927,12.0,260.0,21.0,0.0,1,0.0,0.0,0.0,0.0
155,28,28,240934,31891,0.506229538510084,2.0,33.0,12.0,0.0,0,0.06217616580310881,0.109375,0.044,0.04365079365079365
156,258,258,41202,41218,5.747051505656557,18.0,855.0,46.0,0.0,1,0.0,0.0,0.0,0.0
157,67,67,269518,31891,0.23868315209103,1.0,60.0,22.0,0.0,0,0.08056872037914692,0.08,0.034129692832764506,0.03389830508474576
158,343,343,34428,34429,1.9294341936793202,4.0,25.0,6.0,1.0,1,0.0,0.0,0.0,0.0
159,767,767,66034,31891,0.267546386419054,1.0,63.0,23.0,0.0,0,0.08801955990220049,0.125,0.055944055944055944,0.05517241379310345
160,112,112,140495,31891,0.0,0.0,54.0,21.0,0.0,0,0.0,0.0,0.0,0.0
161,702,702,38940,38943,3.31968456368118,7.0,152.0,20.0,0.0,1,0.0,0.0,0.0,0.0
162,536,536,38809,38813,2.4214886368501802,6.0,70.0,11.0,0.0,1,0.0,0.0,0.0,0.0
163,677,677,34746,34748,1.95005178956223,4.0,45.0,10.0,0.0,1,0.0,0.0,0.0,0.0
164,808,808,269517,31891,0.23868315209103,1.0,60.0,22.0,0.0,0,0.08056872037914692,0.08,0.034129692832764506,0.03389830508474576
165,795,795,106230,31891,0.0,0.0,75.0,28.0,0.0,0,0.0,0.0,0.0,0.0
166,230,230,70969,31891,0.0,0.0,24.0,11.0,0.0,0,0.0,0.0,0.0,0.0
167,483,483,32488,32493,1.82047845325367,2.0,9.0,4.0,1.0,1,0.0,0.0,0.0,0.0
168,24,24,104014,31891,0.0,0.0,24.0,11.0,0.0,0,0.0,0.0,0.0,0.0
169,146,146,37413,37420,5.29772596784572,16.0,289.0,18.0,0.0,1,1.0,1.0,1.0,1.0
170,156,156,37418,37420,5.29772596784572,16.0,289.0,18.0,0.0,1,0.25578034682080925,0.23563218390804597,0.1767180925666199,0.1746905089408528
171,39,39,35717,35719,1.99247409467951,5.0,60.0,11.0,1.0,1,0.2822902796271638,0.3894736842105263,0.21262458471760798,0.2100656455142232
172,277,277,146953,31891,0.267546386419054,1.0,123.0,43.0,0.0,0,0.0,0.0,0.0,0.0
173,68,68,35031,35033,2.16404256133344,3.0,16.0,5.0,1.0,1,0.0,0.0,0.0,0.0
174,571,571,37598,37601,7.28698428412932,21.0,1587.0,71.0,0.0,1,0.10420841683366733,0.10569105691056911,0.06962025316455696,0.07039337474120083
175,850,850,171315,31891,0.0,0.0,36.0,15.0,0.0,0,0.06516290726817042,0.05714285714285714,0.018315018315018316,0.018050541516245487
176,532,532,33286,38286,4.580819207160951,14.0,1407.0,74.0,0.0,1,0.0,0.0,0.0,0.0
177,389,389,141155,31891,0.0,0.0,39.0,16.0,0.0,0,0.0774818401937046,0.09333333333333334,0.04946996466431095,0.04912280701754386
178,554,554,32970,32971,5.41010640333361,15.0,608.0,39.0,0.0,1,0.0,0.0,0.0,0.0
179,327,327,40896,41218,2.8211633129838902,9.0,1260.0,64.0,0.0,1,0.0,0.0,0.0,0.0
180,742,742,261289,31891,0.0,0.0,15.0,8.0,0.0,0,0.06987951807228916,0.08860759493670886,0.037162162162162164,0.03678929765886288
181,547,547,38286,38447,4.4652502247713795,13.0,24455.0,419.0,0.0,1,0.0,0.0,0.0,0.0
182,139,139,35885,35887,3.2089055349266,7.0,136.0,18.0,0.0,1,0.0,0.0,0.0,0.0
183,30,30,39594,39596,4.60049577133676,12.0,169.0,14.0,0.0,1,0.0,0.0,0.0,0.0
184,581,581,41938,31891,0.0,0.0,72.0,27.0,0.0,0,0.002785515320334262,0.0,0.0,0.0
185,348,348,41034,41037,3.64095690650735,8.0,126.0,15.0,0.0,1,0.0,0.0,0.0,0.0
186,360,360,34086,34087,1.82047845325367,2.0,9.0,4.0,1.0,1,0.0,0.0,0.0,0.0
187,197,197,41215,41219,5.67012554477531,18.0,361.0,20.0,0.0,1,0.0,0.0,0.0,0.0
188,23,23,37656,37657,2.51105596593884,5.0,36.0,7.0,0.0,1,0.0,0.0,0.0,0.0
189,659,659,38664,38665,2.5853114943708797,6.0,84.0,13.0,0.0,1,0.0,0.0,0.0,0.0
190,435,435,138500,31891,0.23868315209103,1.0,21.0,9.0,0.0,0,0.0,0.0,0.0,0.0
191,864,864,204984,31891,0.23868315209103,1.0,9.0,5.0,0.0,0,0.0,0.0,0.0,0.0
192,208,208,37601,37603,7.852410379417701,22.0,1817.0,80.0,0.0,1,0.19402985074626866,0.18055555555555555,0.14410480349344978,0.1459227467811159
193,390,390,128025,31891,0.0,0.0,27.0,12.0,0.0,0,0.07017543859649122,0.11290322580645161,0.036101083032490974,0.035842293906810034
194,446,446,37410,37411,5.29772596784572,16.0,289.0,18.0,0.0,1,1.0,1.0,1.0,1.0
195,155,155,229458,31891,0.0,0.0,15.0,8.0,0.0,0,0.0,0.0,0.0,0.0
196,320,320,175361,31891,0.0,0.0,84.0,31.0,0.0,0,0.0,0.0,0.0,0.0
197,667,667,41205,41216,5.75412659803509,18.0,950.0,51.0,0.0,1,0.0,0.0,0.0,0.0
198,165,165,36240,36241,3.91196664569211,7.0,99.0,13.0,0.0,1,0.0,0.0,0.0,0.0
199,467,467,51085,31891,0.0,0.0,36.0,15.0,0.0,0,0.0,0.0,0.0,0.0
200,173,173,38012,38014,4.67845494301536,12.0,169.0,14.0,0.0,1,0.0,0.0,0.0,0.0
201,250,250,57364,31891,0.0,0.0,195.0,68.0,0.0,0,0.0,0.0,0.0,0.0
202,235,235,49735,31891,0.0,0.0,153.0,54.0,0.0,0,0.03523035230352303,0.06153846153846154,0.016877637130801686,0.016736401673640166
203,307,307,34168,34169,2.16404256133344,3.0,16.0,5.0,0.0,1,0.0,0.0,0.0,0.0
204,142,142,237929,31891,0.0,0.0,24.0,11.0,0.0,0,0.0,0.0,0.0,0.0
205,18,18,40012,41208,4.07656105463181,11.0,2030.0,88.0,0.0,1,0.0,0.0,0.0,0.0
206,78,78,226552,31891,0.0,0.0,12.0,7.0,0.0,0,0.12009237875288684,0.13253012048192772,0.07119741100323625,0.0707395498392283
207,194,194,106239,31891,0.0,0.0,111.0,40.0,0.0,0,0.07106598984771574,0.07692307692307693,0.034220532319391636,0.033707865168539325
208,813,813,124899,31891,0.0,0.0,24.0,11.0,0.0,0,0.0,0.0,0.0,0.0
209,386,386,198074,31891,0.0,0.0,12.0,7.0,0.0,0,0.08415841584158416,0.17142857142857143,0.06296296296296296,0.0625
210,252,252,38943,38951,3.2250133536730403,7.0,80.0,11.0,0.0,1,0.0,0.0,0.0,0.0
211,310,310,39601,39602,4.66750687945403,12.0,280.0,22.0,0.0,1,0.0,0.0,0.0,0.0
212,135,135,180688,31891,0.0,0.0,21.0,10.0,0.0,0,0.10024449877750612,0.136986301369863,0.0695970695970696,0.06884057971014493
213,501,501,250698,31891,0.0,0.0,42.0,17.0,0.0,0,0.07788944723618091,0.11290322580645161,0.033582089552238806,0.03333333333333333
214,541,541,40911,40913,2.14758329573017,4.0,25.0,6.0,1.0,1,0.0,0.0,0.0,0.0
215,377,377,92888,31891,0.0,0.0,39.0,16.0,0.0,0,0.0,0.0,0.0,0.0
216,70,70,211713,31891,0.0,0.0,90.0,33.0,0.0,0,0.0,0.0,0.0,0.0
217,375,375,41204,41211,5.751431049863089,18.0,912.0,49.0,0.0,1,1.0,1.0,1.0,1.0
218,119,119,153058,31891,0.0,0.0,78.0,29.0,0.0,0,0.0,0.0,0.0,0.0
219,691,691,40665,40666,2.16404256133344,3.0,16.0,5.0,1.0,1,0.0,0.0,0.0,0.0
220,153,153,39971,39974,2.16404256133344,3.0,16.0,5.0,1.0,1,0.0,0.0,0.0,0.0
221,20,20,269509,31891,0.23868315209103,1.0,60.0,22.0,0.0,0,0.12826603325415678,0.20833333333333334,0.08053691275167785,0.07894736842105263
222,869,869,35490,35491,2.22624019224823,5.0,66.0,12.0,0.0,1,0.0,0.0,0.0,0.0
223,264,264,41207,41209,5.67012554477531,18.0,361.0,20.0,0.0,1,0.643312101910828,0.6923076923076923,0.584070796460177,0.5897435897435898
224,305,305,38157,38161,4.15089991748027,11.0,144.0,13.0,0.0,1,0.0,0.0,0.0,0.0
225,266,266,238501,31891,0.0,0.0,42.0,17.0,0.0,0,0.1282051282051282,0.15476190476190477,0.07471264367816093,0.07323943661971831
226,370,370,104011,31891,0.267546386419054,1.0,54.0,20.0,0.0,0,0.1111111111111111,0.15789473684210525,0.06557377049180328,0.06472491909385113
227,202,202,211715,31891,0.0,0.0,54.0,21.0,0.0,0,0.07444168734491315,0.1044776119402985,0.03018867924528302,0.029850746268656716
228,456,456,118077,31891,0.0,0.0,84.0,31.0,0.0,0,0.09563409563409564,0.10784313725490197,0.04533333333333334,0.04497354497354497
229,721,721,146952,31891,0.0,0.0,36.0,15.0,0.0,0,0.0,0.0,0.0,0.0
230,570,570,184483,31891,0.0,0.0,39.0,16.0,0.0,0,0.10594315245478036,0.18181818181818182,0.06923076923076923,0.06818181818181818
231,684,684,36167,36169,2.2538760489301204,4.0,25.0,6.0,1.0,1,0.4375,0.43902439024390244,0.391304347826087,0.39316239316239315
232,451,451,182283,31891,0.0,0.0,30.0,13.0,0.0,0,0.0,0.0,0.0,0.0
233,349,349,35486,35488,4.64291649394233,10.0,121.0,12.0,0.0,1,0.0,0.0,0.0,0.0
234,326,326,40325,40328,1.92359338785195,3.0,28.0,8.0,0.0,1,0.0,0.0,0.0,0.0
235,334,334,269511,31891,0.23868315209103,1.0,60.0,22.0,0.0,0,0.10852713178294573,0.19696969696969696,0.07421875,0.07307692307692308
236,94,94,40913,40918,2.14758329573017,4.0,25.0,6.0,0.0,1,0.0,0.0,0.0,0.0
237,641,641,41220,41221,5.69908134939062,18.0,475.0,26.0,0.0,1,0.0,0.0,0.0,0.0
238,218,218,32123,32129,4.59851421293925,9.0,180.0,19.0,0.0,1,0.0,0.0,0.0,0.0
239,692,692,40665,40666,2.16404256133344,3.0,16.0,5.0,1.0,1,0.0,0.0,0.0,0.0
240,403,403,41204,41214,5.751431049863089,18.0,912.0,49.0,0.0,1,0.0,0.0,0.0,0.0
241,739,739,173786,31891,0.0,0.0,15.0,8.0,0.0,0,0.030136986301369864,0.07017543859649122,0.021551724137931036,0.021367521367521368
242,221,221,39591,39597,4.60049577133676,12.0,169.0,14.0,0.0,1,0.0,0.0,0.0,0.0
243,85,85,72894,31891,0.0,0.0,21.0,10.0,0.0,0,0.0,0.0,0.0,0.0
244,473,473,219433,31891,0.0,0.0,54.0,21.0,0.0,0,0.07560975609756097,0.09859154929577464,0.03180212014134275,0.031578947368421054
245,799,799,263233,31891,0.23868315209103,1.0,21.0,9.0,0.0,0,0.0,0.0,0.0,0.0
246,429,429,274235,31891,0.0,0.0,57.0,22.0,0.0,0,0.0,0.0,0.0,0.0
247,286,286,118082,31891,0.0,0.0,84.0,31.0,0.0,0,0.0,0.0,0.0,0.0
248,867,867,54831,31891,0.0,0.0,210.0,73.0,0.0,0,0.09195402298850575,0.13953488372093023,0.050156739811912224,0.04984423676012461
249,861,861,106236,31891,0.0,0.0,75.0,28.0,0.0,0,0.07106598984771574,0.07692307692307693,0.034220532319391636,0.033707865168539325
250,166,166,34238,34243,3.0833900542185004,6.0,49.0,8.0,0.0,1,0.0,0.0,0.0,0.0
251,746,746,41213,41219,5.67012554477531,18.0,361.0,20.0,0.0,1,0.0,0.0,0.0,0.0
252,280,280,47128,31891,0.0,0.0,96.0,35.0,0.0,0,0.0,0.0,0.0,0.0
253,319,319,176393,31891,0.23868315209103,1.0,36.0,14.0,0.0,0,0.12530712530712532,0.2,0.08273381294964029,0.08185053380782918
254,385,385,37416,37417,5.52689894665782,16.0,5084.0,149.0,0.0,1,1.0,1.0,1.0,1.0
255,678,678,92025,31891,0.0,0.0,27.0,12.0,0.0,0,0.09569377990430622,0.1038961038961039,0.05405405405405406,0.05333333333333334
256,189,189,63662,31891,0.0,0.0,27.0,12.0,0.0,0,0.0,0.0,0.0,0.0
257,484,484,263230,31891,0.23868315209103,1.0,21.0,9.0,0.0,0,0.0,0.0,0.0,0.0
258,426,426,41202,41212,5.67012554477531,18.0,361.0,20.0,1.0,1,1.0,1.0,1.0,1.0
259,480,480,38809,38810,2.4214886368501802,6.0,70.0,11.0,0.0,1,0.0,0.0,0.0,0.0
260,409,409,32961,32962,5.32434022085387,15.0,256.0,17.0,0.0,1,0.3253968253968254,0.32323232323232326,0.19733333333333333,0.2
261,89,89,138499,31891,0.23868315209103,1.0,21.0,9.0,0.0,0,0.0,0.0,0.0,0.0
262,693,693,37397,37412,5.362143083532692,16.0,544.0,33.0,0.0,1,0.0,0.0,0.0,0.0
263,729,729,38665,38667,2.5853114943708797,6.0,84.0,13.0,0.0,1,0.0,0.0,0.0,0.0
264,593,593,40895,40896,7.36980741726185,21.0,1596.0,64.0,0.0,1,0.0,0.0,0.0,0.0
265,109,109,38007,38011,4.67845494301536,12.0,169.0,14.0,0.0,1,0.0,0.0,0.0,0.0
266,99,99,176395,31891,0.23868315209103,1.0,36.0,14.0,0.0,0,0.089058524173028,0.08571428571428572,0.03461538461538462,0.03435114503816794
267,792,792,163089,31891,0.0,0.0,9.0,6.0,0.0,0,0.10123456790123457,0.14473684210526316,0.05964912280701754,0.059027777777777776
268,823,823,35879,35886,3.23834620564269,7.0,176.0,23.0,0.0,1,0.0,0.0,0.0,0.0
269,106,106,109828,31891,0.0,0.0,87.0,32.0,0.0,0,0.085995085995086,0.1044776119402985,0.045454545454545456,0.04452054794520548
270,643,643,36708,36715,3.8532790369159597,9.0,100.0,11.0,0.0,1,0.0,0.0,0.0,0.0
271,107,107,95287,31891,0.0,0.0,66.0,25.0,0.0,0,0.0,0.0,0.0,0.0
272,589,589,37223,37229,2.48533973823845,4.0,25.0,6.0,0.0,1,0.0,0.0,0.0,0.0
273,430,430,225691,31891,0.0,0.0,27.0,12.0,0.0,0,0.11363636363636363,0.11428571428571428,0.04887218045112782,0.048507462686567165
274,785,785,61608,31891,0.0,0.0,57.0,22.0,0.0,0,0.08728179551122195,0.10606060606060606,0.0539568345323741,0.05338078291814947
275,860,860,49136,31891,0.0,0.0,216.0,75.0,0.0,0,0.0,0.0,0.0,0.0
276,766,766,263232,31891,0.23868315209103,1.0,21.0,9.0,0.0,0,0.0,0.0,0.0,0.0
277,789,789,38008,38011,4.67845494301536,12.0,169.0,14.0,0.0,1,0.0,0.0,0.0,0.0
278,606,606,32962,32968,5.32434022085387,15.0,256.0,17.0,0.0,1,0.0,0.0,0.0,0.0
279,143,143,229461,31891,0.0,0.0,15.0,8.0,0.0,0,0.082010582010582,0.18461538461538463,0.05263157894736842,0.05220883534136546
280,393,393,239195,31891,0.0,0.0,33.0,14.0,0.0,0,0.0,0.0,0.0,0.0
281,558,558,39590,39594,4.60049577133676,12.0,169.0,14.0,0.0,1,0.0,0.0,0.0,0.0
282,568,568,146951,31891,0.0,0.0,27.0,12.0,0.0,0,0.0,0.0,0.0,0.0
283,396,396,35570,35571,1.82047845325367,2.0,27.0,10.0,0.0,1,0.0,0.0,0.0,0.0
284,185,185,32958,32961,5.32434022085387,15.0,256.0,17.0,0.0,1,0.3253968253968254,0.32323232323232326,0.19733333333333333,0.2
285,346,346,57358,31891,0.0,0.0,240.0,83.0,0.0,0,0.14501510574018128,0.21052631578947367,0.09768211920529801,0.09624796084828711
286,363,363,38297,38299,14.990260101592698,55.0,7280.0,116.0,0.0,1,0.0,0.0,0.0,0.0
287,100,100,35302,35305,1.50749384023369,4.0,25.0,6.0,1.0,1,0.0,0.0,0.0,0.0
288,574,574,35149,35150,0.480898346962988,1.0,14.0,8.0,1.0,1,0.0,0.0,0.0,0.0
289,524,524,40015,40017,2.16404256133344,3.0,28.0,8.0,0.0,1,0.0,0.0,0.0,0.0
290,439,439,37881,38669,1.19257779028414,4.0,11781.0,278.0,0.0,1,0.0,0.0,0.0,0.0
291,231,231,38010,38012,4.67845494301536,12.0,169.0,14.0,0.0,1,0.0,0.0,0.0,0.0
292,137,137,269507,31891,0.23868315209103,1.0,60.0,22.0,0.0,0,0.0,0.0,0.0,0.0
293,46,46,238503,31891,0.0,0.0,42.0,17.0,0.0,0,0.1282051282051282,0.15476190476190477,0.07471264367816093,0.07323943661971831
294,599,599,39595,39603,4.61144383489809,12.0,182.0,15.0,0.0,1,0.0,0.0,0.0,0.0
295,722,722,140499,31891,0.0,0.0,264.0,91.0,0.0,0,0.0,0.0,0.0,0.0
296,321,321,176400,31891,0.23868315209103,1.0,54.0,20.0,0.0,0,0.0,0.0,0.0,0.0
297,485,485,34466,35150,2.66912856898648,5.0,4305.0,617.0,0.0,1,0.0,0.0,0.0,0.0
298,161,161,39918,39919,1.24266986911922,2.0,15.0,6.0,0.589887640449438,1,0.0,0.0,0.0,0.0
299,847,847,48525,31891,0.0,0.0,66.0,25.0,0.0,0,0.1134453781512605,0.18888888888888888,0.06686046511627906,0.06647398843930635
300,167,167,39696,40595,1.7461081164312398,3.0,372.0,94.0,0.0,1,0.0,0.0,0.0,0.0
301,254,254,32275,38814,4.6437667469498,15.0,1680.0,106.0,0.0,1,0.0,0.0,0.0,0.0
302,607,607,111473,31891,0.0,0.0,69.0,26.0,0.0,0,0.06818181818181818,0.03125,0.018115942028985508,0.017985611510791366
303,645,645,41211,41219,5.67012554477531,18.0,361.0,20.0,0.0,1,0.0,0.0,0.0,0.0
304,534,534,35300,35305,1.74990559310335,4.0,70.0,15.0,0.0,1,0.0,0.0,0.0,0.0
305,225,225,41212,41219,5.67012554477531,18.0,361.0,20.0,0.0,1,0.0,0.0,0.0,0.0
306,399,399,39750,39752,4.45671786674266,12.0,169.0,14.0,0.0,1,1.0,1.0,1.0,1.0
307,627,627,39602,39603,6.0650869393483795,13.0,196.0,15.0,1.0,1,0.0,0.0,0.0,0.0
308,579,579,162155,31891,0.0,0.0,21.0,10.0,0.0,0,0.0,0.0,0.0,0.0
309,783,783,39281,39292,1.87718513355821,4.0,135.0,28.0,0.32038834951456296,1,0.0,0.0,0.0,0.0
310,559,559,113930,31891,0.0,0.0,141.0,50.0,0.0,0,0.0,0.0,0.0,0.0
311,636,636,106116,31891,0.506229538510084,2.0,105.0,36.0,0.0,0,0.008333333333333333,0.0,0.0,0.0
312,763,763,41208,41217,5.71277461229705,18.0,551.0,30.0,0.0,1,0.0,0.0,0.0,0.0
313,490,490,118094,31891,0.0,0.0,180.0,63.0,0.0,0,0.0,0.0,0.0,0.0
314,128,128,41205,41208,5.71277461229705,18.0,551.0,30.0,0.0,1,0.19611650485436893,0.20610687022900764,0.13387423935091278,0.1377245508982036
315,179,179,32390,38665,2.75323358047944,6.0,216.0,24.0,0.0,1,0.0,0.0,0.0,0.0
316,328,328,41212,41213,5.67012554477531,18.0,361.0,20.0,0.0,1,0.6234567901234568,0.5510204081632653,0.5641025641025641,0.5702479338842975
317,477,477,37394,37420,5.29772596784572,16.0,289.0,18.0,1.0,1,0.0,0.0,0.0,0.0
318,866,866,141162,31891,0.0,0.0,39.0,16.0,0.0,0,0.0,0.0,0.0,0.0
319,731,731,66037,31891,0.267546386419054,1.0,48.0,18.0,0.0,0,0.0,0.0,0.0,0.0
320,15,15,37510,37515,4.32851645592004,11.0,360.0,31.0,0.0,1,0.0,0.0,0.0,0.0
321,461,461,38152,38168,4.192655761639871,11.0,192.0,17.0,0.54726368159204,1,0.0,0.0,0.0,0.0
322,184,184,40666,40668,2.16404256133344,3.0,16.0,5.0,0.0,1,0.0,0.0,0.0,0.0
323,853,853,57026,31891,0.0,0.0,309.0,106.0,0.0,0,0.0,0.0,0.0,0.0
324,724,724,235357,31891,0.0,0.0,42.0,17.0,0.0,0,0.07969151670951156,0.10606060606060606,0.045627376425855515,0.045112781954887216
325,41,41,269889,31891,0.267546386419054,1.0,45.0,17.0,0.0,0,0.0,0.0,0.0,0.0
326,110,110,130766,31891,0.0,0.0,12.0,7.0,0.0,0,0.0,0.0,0.0,0.0
327,90,90,269515,31891,0.23868315209103,1.0,60.0,22.0,0.0,0,0.0,0.0,0.0,0.0
328,715,715,38807,38810,2.47685993706348,6.0,98.0,15.0,0.0,1,0.0,0.0,0.0,0.0
329,657,657,36131,36132,1.82047845325367,2.0,9.0,4.0,0.0,1,1.0,1.0,1.0,1.0
330,287,287,165376,31891,0.506229538510084,2.0,33.0,12.0,0.0,0,0.0,0.0,0.0,0.0
331,565,565,269514,31891,0.23868315209103,1.0,60.0,22.0,0.0,0,0.07875894988066826,0.028169014084507043,0.025806451612903226,0.025477707006369428
332,754,754,85247,31891,0.0,0.0,57.0,22.0,0.0,0,0.0,0.0,0.0,0.0
333,55,55,209293,31891,0.0,0.0,33.0,14.0,0.0,0,0.08229426433915212,0.07352941176470588,0.039568345323741004,0.039285714285714285
334,72,72,41367,41377,2.8699952805266804,8.0,81.0,10.0,1.0,1,0.0,0.0,0.0,0.0
335,598,598,146950,31891,0.0,0.0,27.0,12.0,0.0,0,0.0,0.0,0.0,0.0
336,665,665,37598,37599,1.70977740198084,6.0,483.0,70.0,0.0,1,0.44019138755980863,0.536723163841808,0.33865814696485624,0.3354101765316719
337,765,765,32962,32967,5.32434022085387,15.0,256.0,17.0,0.0,1,0.0,0.0,0.0,0.0
338,764,764,37512,37523,4.2201009553333995,11.0,144.0,13.0,0.0,1,0.7570621468926554,0.825,0.6556291390728477,0.6535947712418301
339,542,542,39748,39758,4.53592164471413,12.0,325.0,26.0,0.0,1,1.0,1.0,1.0,1.0
340,624,624,274236,31891,0.0,0.0,57.0,22.0,0.0,0,0.10379746835443038,0.18840579710144928,0.08614232209737828,0.08518518518518518
341,144,144,32961,32973,5.32434022085387,15.0,256.0,17.0,0.0,1,0.0,0.0,0.0,0.0
342,32,32,37646,37655,2.51105596593884,5.0,36.0,7.0,1.0,1,0.0,0.0,0.0,0.0
343,738,738,250709,31891,0.0,0.0,42.0,17.0,0.0,0,0.0,0.0,0.0,0.0
344,646,646,66028,31891,0.506229538510084,2.0,114.0,39.0,0.0,0,0.0,0.0,0.0,0.0
345,306,306,95298,31891,0.0,0.0,51.0,20.0,0.0,0,0.0,0.0,0.0,0.0
346,175,175,40324,40327,1.71614420977722,3.0,16.0,5.0,1.0,1,0.0,0.0,0.0,0.0
347,103,103,239636,31891,0.0,0.0,30.0,13.0,0.0,0,0.0,0.0,0.0,0.0
348,214,214,41203,41218,5.747051505656557,18.0,855.0,46.0,0.0,1,0.0,0.0,0.0,0.0
349,686,686,134004,31891,0.0,0.0,21.0,10.0,0.0,0,0.0691358024691358,0.06944444444444445,0.03508771929824561,0.034482758620689655
350,361,361,106232,31891,0.0,0.0,75.0,28.0,0.0,0,0.06923076923076923,0.07042253521126761,0.026022304832713755,0.02564102564102564
351,210,210,37598,37603,27.114520073708402,68.0,5451.0,80.0,0.0,1,0.4151291512915129,0.5,0.33904761904761904,0.3358208955223881
352,9,9,176385,31891,0.23868315209103,1.0,36.0,14.0,0.0,0,0.0,0.0,0.0,0.0
353,870,870,77628,31891,0.267546386419054,1.0,72.0,26.0,0.0,0,0.0,0.0,0.0,0.0
354,233,233,34086,34088,1.82047845325367,2.0,9.0,4.0,1.0,1,0.0,0.0,0.0,0.0
355,786,786,175363,31891,0.0,0.0,33.0,14.0,0.0,0,0.0,0.0,0.0,0.0
356,669,669,99410,31891,0.0,0.0,192.0,67.0,0.0,0,0.07951807228915662,0.09333333333333334,0.02711864406779661,0.02666666666666667
357,637,637,43017,31891,0.0,0.0,27.0,12.0,0.0,0,0.0,0.0,0.0,0.0
358,523,523,39697,39701,2.1440934156206,5.0,54.0,10.0,0.0,1,0.0,0.0,0.0,0.0
359,528,528,73097,31891,0.0,0.0,18.0,9.0,0.0,0,0.12627291242362526,0.18627450980392157,0.08398950131233596,0.0835509138381201
360,66,66,106226,31891,0.0,0.0,111.0,40.0,0.0,0,0.0,0.0,0.0,0.0
361,800,800,70973,31891,0.0,0.0,66.0,25.0,0.0,0,0.0,0.0,0.0,0.0
362,644,644,59546,31891,0.0,0.0,45.0,18.0,0.0,0,0.11611374407582939,0.17567567567567569,0.06896551724137931,0.06802721088435375
363,726,726,58026,31891,0.0,0.0,93.0,34.0,0.0,0,0.0,0.0,0.0,0.0
364,440,440,40305,40309,2.6667369881082403,5.0,36.0,7.0,1.0,1,0.0,0.0,0.0,0.0
365,555,555,88379,31891,0.0,0.0,75.0,28.0,0.0,0,0.0,0.0,0.0,0.0
366,338,338,171313,31891,0.0,0.0,36.0,15.0,0.0,0,0.06516290726817042,0.05714285714285714,0.018315018315018316,0.018050541516245487
367,236,236,37408,37411,5.29772596784572,16.0,289.0,18.0,0.0,1,0.38028169014084506,0.35789473684210527,0.2693498452012384,0.26666666666666666
368,798,798,128687,31891,0.0,0.0,27.0,12.0,0.0,0,0.008426966292134831,0.01818181818181818,0.004524886877828055,0.004484304932735426
369,26,26,175362,31891,0.0,0.0,33.0,14.0,0.0,0,0.056555269922879174,0.015625,0.01509433962264151,0.014925373134328358
370,56,56,60709,31891,0.0,0.0,84.0,31.0,0.0,0,0.15460526315789475,0.2857142857142857,0.09833024118738404,0.09724770642201835
371,374,374,38166,38168,4.192655761639871,11.0,192.0,17.0,0.0,1,0.0,0.0,0.0,0.0
372,98,98,95296,31891,0.0,0.0,51.0,20.0,0.0,0,0.0,0.0,0.0,0.0
373,479,479,243050,31891,0.0,0.0,24.0,11.0,0.0,0,0.06341463414634146,0.08450704225352113,0.028268551236749116,0.028070175438596492
374,132,132,36239,36242,1.3530503517006498,3.0,24.0,7.0,0.0,1,0.0,0.0,0.0,0.0
375,517,517,32961,32971,5.41010640333361,15.0,608.0,39.0,0.0,1,0.0,0.0,0.0,0.0
376,88,88,95297,31891,0.0,0.0,51.0,20.0,0.0,0,0.0,0.0,0.0,0.0
377,560,560,35373,35377,1.46834985317808,2.0,159.0,54.0,0.0,1,0.0,0.0,0.0,0.0
378,261,261,60801,31891,0.0,0.0,27.0,12.0,0.0,0,0.0,0.0,0.0,0.0
379,459,459,269516,31891,0.23868315209103,1.0,60.0,22.0,0.0,0,0.08056872037914692,0.08,0.034129692832764506,0.03389830508474576
380,58,58,39600,39602,4.61144383489809,12.0,182.0,15.0,0.0,1,0.0,0.0,0.0,0.0
381,700,700,37511,37523,4.2201009553333995,11.0,144.0,13.0,0.0,1,0.0,0.0,0.0,0.0
382,805,805,106243,31891,0.0,0.0,144.0,51.0,0.0,0,0.0,0.0,0.0,0.0
383,770,770,236346,31891,0.0,0.0,36.0,15.0,0.0,0,0.10941475826972011,0.15625,0.07806691449814127,0.07720588235294118
384,733,733,69694,31891,0.0,0.0,180.0,63.0,0.0,0,0.14634146341463414,0.22105263157894736,0.11263736263736264,0.11141304347826086
385,217,217,66031,31891,0.506229538510084,2.0,120.0,41.0,0.0,0,0.0,0.0,0.0,0.0
386,262,262,39598,39602,4.61144383489809,12.0,182.0,15.0,0.0,1,0.0,0.0,0.0,0.0
387,290,290,159710,31891,0.267546386419054,1.0,135.0,47.0,0.0,0,0.05181347150259067,0.07692307692307693,0.03308823529411765,0.03272727272727273
388,152,152,179379,31891,0.0,0.0,9.0,6.0,0.0,0,0.04712041884816754,0.031746031746031744,0.008032128514056224,0.00796812749003984
389,418,418,83319,31891,0.267546386419054,1.0,45.0,17.0,0.0,0,0.0,0.0,0.0,0.0
390,48,48,269893,31891,0.267546386419054,1.0,45.0,17.0,0.0,0,0.0,0.0,0.0,0.0
391,475,475,235342,31891,0.0,0.0,36.0,15.0,0.0,0,0.09268292682926829,0.1095890410958904,0.0364963503649635,0.036101083032490974
392,706,706,35230,35245,2.9192267399697203,7.0,88.0,12.0,0.4833333333333329,1,0.0,0.0,0.0,0.0
393,859,859,40204,40213,4.60324167820821,12.0,169.0,14.0,1.0,1,0.0,0.0,0.0,0.0
394,52,52,39590,39603,4.61144383489809,12.0,182.0,15.0,0.0,1,0.0,0.0,0.0,0.0
395,556,556,144681,31891,0.0,0.0,24.0,11.0,0.0,0,0.0,0.0,0.0,0.0
396,761,761,38705,38707,1.44269504088896,1.0,4.0,3.0,1.0,1,0.0,0.0,0.0,0.0
397,425,425,140379,31891,0.0,0.0,21.0,10.0,0.0,0,0.0827250608272506,0.11267605633802817,0.038461538461538464,0.03819444444444445
398,696,696,100081,31891,0.23868315209103,1.0,90.0,32.0,0.0,0,0.0,0.0,0.0,0.0
399,496,496,32960,32963,5.32434022085387,15.0,256.0,17.0,0.0,1,1.0,1.0,1.0,1.0
400,164,164,81822,31891,0.0,0.0,96.0,35.0,0.0,0,0.07888040712468193,0.06944444444444445,0.04059040590405904,0.040293040293040296
401,408,408,38002,38011,4.67845494301536,12.0,169.0,14.0,0.0,1,0.0,0.0,0.0,0.0
402,507,507,41215,41218,5.747051505656557,18.0,855.0,46.0,0.0,1,0.0,0.0,0.0,0.0
403,705,705,37745,37749,3.6028696846181805,8.0,81.0,10.0,0.0,1,1.0,1.0,1.0,1.0
404,522,522,39696,39698,2.37858907980492,5.0,558.0,94.0,0.0,1,0.6795774647887324,0.7450980392156863,0.6177474402730375,0.6174496644295302
405,219,219,250703,31891,0.0,0.0,42.0,17.0,0.0,0,0.0,0.0,0.0,0.0
406,843,843,35879,35887,3.2089055349266,7.0,136.0,18.0,0.0,1,0.0,0.0,0.0,0.0
407,300,300,159713,31891,0.0,0.0,18.0,9.0,0.0,0,0.0,0.0,0.0,0.0
408,567,567,37521,31891,0.0,0.0,48.0,19.0,0.0,0,0.09131403118040089,0.15789473684210525,0.052805280528052806,0.05228758169934641
409,537,537,41214,41217,5.67012554477531,18.0,361.0,20.0,0.0,1,0.0,0.0,0.0,0.0
410,762,762,76394,31891,0.0,0.0,18.0,9.0,0.0,0,0.0,0.0,0.0,0.0
411,95,95,40895,41216,3.73237389090388,12.0,2850.0,95.0,0.0,1,0.0,0.0,0.0,0.0
412,811,811,32956,32970,5.32434022085387,15.0,256.0,17.0,1.0,1,0.0,0.0,0.0,0.0
413,257,257,269890,31891,0.267546386419054,1.0,45.0,17.0,0.0,0,0.075,0.10256410256410256,0.04363636363636364,0.04332129963898917
414,566,566,47771,31891,0.0,0.0,150.0,53.0,0.0,0,0.0,0.0,0.0,0.0
415,734,734,41031,41039,3.56476047488388,8.0,81.0,10.0,0.0,1,0.0,0.0,0.0,0.0
416,857,857,269512,31891,0.23868315209103,1.0,60.0,22.0,0.0,0,0.0,0.0,0.0,0.0
417,170,170,38004,38012,4.67845494301536,12.0,169.0,14.0,0.0,1,0.0,0.0,0.0,0.0
418,419,419,38152,38159,4.15089991748027,11.0,144.0,13.0,1.0,1,0.0,0.0,0.0,0.0
419,561,561,39747,39755,4.45671786674266,12.0,169.0,14.0,1.0,1,0.0,0.0,0.0,0.0
420,533,533,38807,38811,2.47685993706348,6.0,98.0,15.0,0.0,1,0.0,0.0,0.0,0.0
421,472,472,32956,32971,5.41010640333361,15.0,608.0,39.0,0.0,1,0.0,0.0,0.0,0.0
422,206,206,117723,31891,0.0,0.0,105.0,38.0,0.0,0,0.15841584158415842,0.2072072072072072,0.1134020618556701,0.11195928753180662
423,116,116,34890,38816,3.2046362008603198,10.0,2409.0,96.0,0.0,1,0.0,0.0,0.0,0.0
424,854,854,37408,37417,5.44322533085745,16.0,2108.0,125.0,0.0,1,0.36421725239616615,0.3068181818181818,0.25704225352112675,0.2542955326460481
425,13,13,243053,31891,0.0,0.0,39.0,16.0,0.0,0,0.0,0.0,0.0,0.0
426,365,365,74338,31891,0.0,0.0,84.0,31.0,0.0,0,0.0,0.0,0.0,0.0
427,432,432,41208,41212,5.71277461229705,18.0,551.0,30.0,0.0,1,0.19611650485436893,0.20610687022900764,0.13387423935091278,0.1377245508982036
428,573,573,35149,35150,0.480898346962988,1.0,14.0,8.0,1.0,1,0.0,0.0,0.0,0.0
429,635,635,176392,31891,0.23868315209103,1.0,36.0,14.0,0.0,0,0.089058524173028,0.08571428571428572,0.03461538461538462,0.03435114503816794
430,530,530,37394,37413,5.29772596784572,16.0,289.0,18.0,1.0,1,0.0,0.0,0.0,0.0
431,302,302,73098,31891,0.0,0.0,63.0,24.0,0.0,0,0.0675,0.05970149253731343,0.03663003663003663,0.03636363636363636
432,245,245,212217,31891,0.0,0.0,81.0,30.0,0.0,0,0.0,0.0,0.0,0.0
433,630,630,229462,31891,0.0,0.0,15.0,8.0,0.0,0,0.0,0.0,0.0,0.0
434,291,291,100083,31891,0.23868315209103,1.0,48.0,18.0,0.0,0,0.08333333333333333,0.057971014492753624,0.03691275167785235,0.036544850498338874
435,226,226,32967,32969,5.32434022085387,15.0,256.0,17.0,0.0,1,0.0,0.0,0.0,0.0
436,454,454,38949,38951,3.2250133536730403,7.0,80.0,11.0,0.0,1,0.0,0.0,0.0,0.0
437,703,703,38942,38943,3.1784094886133,7.0,64.0,9.0,1.0,1,0.0,0.0,0.0,0.0
438,322,322,63023,31891,0.0,0.0,99.0,36.0,0.0,0,0.18316831683168316,0.2713178294573643,0.11258278145695365,0.11056910569105691
439,104,104,41421,41424,1.96004548582437,4.0,117.0,18.0,0.0,1,0.0,0.0,0.0,0.0
440,344,344,34428,34429,1.9294341936793202,4.0,25.0,6.0,1.0,1,0.0,0.0,0.0,0.0
441,384,384,153060,31891,0.0,0.0,78.0,29.0,0.0,0,0.0,0.0,0.0,0.0
442,337,337,239191,31891,0.0,0.0,33.0,14.0,0.0,0,0.0,0.0,0.0,0.0
443,163,163,37416,37418,5.38139958364609,16.0,697.0,42.0,0.0,1,0.16473988439306358,0.15517241379310345,0.10238429172510519,0.10178817056396149
444,772,772,39600,39601,4.6565588158927,12.0,260.0,21.0,0.0,1,0.0,0.0,0.0,0.0
445,638,638,146954,31891,0.0,0.0,27.0,12.0,0.0,0,0.0,0.0,0.0,0.0
446,335,335,271540,31891,0.23868315209103,1.0,60.0,22.0,0.0,0,0.04521276595744681,0.04918032786885246,0.015151515151515152,0.015037593984962405
447,391,391,36294,36296,0.0,0.0,13.0,14.0,0.0,1,0.0,0.0,0.0,0.0
448,437,437,34521,34522,4.0537021773014,6.0,49.0,8.0,0.0,1,0.0,0.0,0.0,0.0
449,625,625,33055,33057,1.44269504088896,1.0,42.0,22.0,0.0,1,0.0,0.0,0.0,0.0
450,181,181,38120,38121,2.48533973823845,4.0,25.0,6.0,0.0,1,0.0,0.0,0.0,0.0
451,331,331,41372,41374,3.0311007900449,8.0,270.0,31.0,0.0,1,0.0,0.0,0.0,0.0
452,316,316,76392,31891,0.0,0.0,18.0,9.0,0.0,0,0.0,0.0,0.0,0.0
453,304,304,189474,31891,0.0,0.0,129.0,46.0,0.0,0,0.07808564231738035,0.05714285714285714,0.027972027972027972,0.027303754266211604
454,594,594,109821,31891,0.0,0.0,90.0,33.0,0.0,0,0.05459057071960298,0.0684931506849315,0.026022304832713755,0.025830258302583026
455,750,750,48508,31891,0.0,0.0,231.0,80.0,0.0,0,0.0815347721822542,0.06666666666666667,0.03146853146853147,0.03125
456,81,81,41423,41424,3.95039048724123,8.0,81.0,10.0,1.0,1,0.0,0.0,0.0,0.0
457,83,83,41214,41218,5.747051505656557,18.0,855.0,46.0,0.0,1,0.0,0.0,0.0,0.0
458,578,578,35879,35885,3.08096331182837,7.0,64.0,9.0,0.0,1,0.0,0.0,0.0,0.0
459,120,120,39749,39750,4.45671786674266,12.0,169.0,14.0,0.0,1,1.0,1.0,1.0,1.0
460,147,147,250695,31891,0.0,0.0,42.0,17.0,0.0,0,0.08205128205128205,0.1791044776119403,0.057034220532319393,0.05660377358490566
461,844,844,51132,31891,0.0,0.0,69.0,26.0,0.0,0,0.0,0.0,0.0,0.0
462,50,50,226555,31891,0.0,0.0,12.0,7.0,0.0,0,0.12009237875288684,0.13253012048192772,0.07119741100323625,0.0707395498392283
463,563,563,32126,32127,4.51019598729719,9.0,100.0,11.0,1.0,1,0.990909090909091,0.9743589743589743,0.9819819819819819,0.9824561403508771
464,613,613,36713,36715,3.90865033712927,9.0,140.0,15.0,0.0,1,0.64,0.5833333333333334,0.50920245398773,0.5120481927710844
465,865,865,38159,38168,4.192655761639871,11.0,192.0,17.0,0.0,1,0.0,0.0,0.0,0.0
466,707,707,100087,31891,0.506229538510084,2.0,99.0,34.0,0.0,0,0.10823529411764705,0.09210526315789473,0.052795031055900624,0.05214723926380368
467,469,469,40534,40535,1.44269504088896,1.0,4.0,3.0,0.0,1,0.0,0.0,0.0,0.0
468,487,487,32128,32130,2.2069703285222,5.0,36.0,7.0,0.0,1,0.0,0.0,0.0,0.0
469,271,271,106227,31891,0.0,0.0,111.0,40.0,0.0,0,0.0985576923076923,0.1125,0.04487179487179487,0.044585987261146494
470,826,826,32968,32971,5.41010640333361,15.0,608.0,39.0,0.0,1,0.0,0.0,0.0,0.0
471,595,595,183442,31891,0.0,0.0,81.0,30.0,0.0,0,0.072992700729927,0.10666666666666667,0.03496503496503497,0.03436426116838488
472,342,342,106240,31891,0.0,0.0,111.0,40.0,0.0,0,0.07106598984771574,0.07692307692307693,0.034220532319391636,0.033707865168539325
473,661,661,38167,38168,4.31381895195899,11.0,560.0,40.0,0.0,1,0.0,0.0,0.0,0.0
474,514,514,34890,38814,3.46552520859158,9.0,7665.0,169.0,0.0,1,0.0,0.0,0.0,0.0
475,76,76,109823,31891,0.0,0.0,84.0,31.0,0.0,0,0.002785515320334262,0.0,0.0,0.0
476,737,737,212212,31891,0.0,0.0,81.0,30.0,0.0,0,0.09803921568627451,0.16901408450704225,0.05714285714285714,0.056338028169014086
477,368,368,147953,31891,0.0,0.0,12.0,7.0,0.0,0,0.05301204819277108,0.028169014084507043,0.02413793103448276,0.023972602739726026
478,129,129,34565,34566,1.44269504088896,1.0,4.0,3.0,0.0,1,0.0,0.0,0.0,0.0
479,631,631,250706,31891,0.0,0.0,42.0,17.0,0.0,0,0.04392764857881137,0.013888888888888888,0.011363636363636364,0.011278195488721804
480,457,457,272266,31891,0.0,0.0,24.0,11.0,0.0,0,0.0,0.0,0.0,0.0
481,597,597,37507,37511,4.2201009553333995,11.0,144.0,13.0,1.0,1,0.0,0.0,0.0,0.0
482,382,382,39598,39600,4.60049577133676,12.0,169.0,14.0,0.0,1,0.0,0.0,0.0,0.0
483,745,745,37247,37251,4.46860548445875,9.0,1400.0,141.0,0.0,1,0.0,0.0,0.0,0.0
484,719,719,48843,31891,0.0,0.0,30.0,13.0,0.0,0,0.0,0.0,0.0,0.0
485,269,269,96573,31891,0.0,0.0,75.0,28.0,0.0,0,0.10022779043280182,0.13636363636363635,0.05063291139240506,0.050314465408805034
486,822,822,66035,31891,0.267546386419054,1.0,57.0,21.0,0.0,0,0.0,0.0,0.0,0.0
487,520,520,87323,31891,0.0,0.0,30.0,13.0,0.0,0,0.0,0.0,0.0,0.0
488,540,540,40911,40913,2.14758329573017,4.0,25.0,6.0,1.0,1,0.0,0.0,0.0,0.0
489,841,841,146949,31891,0.0,0.0,27.0,12.0,0.0,0,0.0,0.0,0.0,0.0
490,743,743,38286,31891,0.0,0.0,201.0,70.0,0.0,0,0.0,0.0,0.0,0.0
491,833,833,32963,32972,5.32434022085387,15.0,256.0,17.0,0.0,1,0.0,0.0,0.0,0.0
492,29,29,238504,31891,0.0,0.0,54.0,21.0,0.0,0,0.1282051282051282,0.15476190476190477,0.07471264367816093,0.07323943661971831
493,474,474,35424,35427,1.44269504088896,1.0,12.0,7.0,0.546728971962617,1,0.0,0.0,0.0,0.0
494,788,788,32959,32966,5.32434022085387,15.0,256.0,17.0,0.0,1,0.0,0.0,0.0,0.0
495,596,596,128022,31891,0.0,0.0,27.0,12.0,0.0,0,0.07017543859649122,0.11290322580645161,0.036101083032490974,0.035842293906810034
496,182,182,36710,36716,3.8532790369159597,9.0,100.0,11.0,0.0,1,1.0,1.0,1.0,1.0
497,831,831,43020,31891,0.0,0.0,27.0,12.0,0.0,0,0.0,0.0,0.0,0.0
498,751,751,99406,31891,0.0,0.0,93.0,34.0,0.0,0,0.07951807228915662,0.09333333333333334,0.02711864406779661,0.02666666666666667
499,201,201,37598,37600,10.8897105488836,32.0,2346.0,71.0,0.0,1,0.42950819672131146,0.517948717948718,0.3139427516158818,0.3087971274685817
500,458,458,195023,31891,0.0,0.0,24.0,11.0,0.0,0,0.0,0.0,0.0,0.0
501,315,315,66033,31891,0.267546386419054,1.0,63.0,23.0,0.0,0,0.0,0.0,0.0,0.0
502,868,868,34745,34748,1.95005178956223,4.0,45.0,10.0,0.0,1,0.0,0.0,0.0,0.0
503,21,21,39594,39599,4.60049577133676,12.0,169.0,14.0,0.0,1,0.0,0.0,0.0,0.0
504,75,75,45662,31891,0.0,0.0,45.0,18.0,0.0,0,0.0,0.0,0.0,0.0
505,267,267,38006,38010,4.67845494301536,12.0,169.0,14.0,0.0,1,0.0,0.0,0.0,0.0
506,213,213,46793,31891,0.0,0.0,9.0,6.0,0.0,0,0.0,0.0,0.0,0.0
507,628,628,39602,39603,6.0650869393483795,13.0,196.0,15.0,1.0,1,0.0,0.0,0.0,0.0
508,151,151,41209,41219,5.67012554477531,18.0,361.0,20.0,0.0,1,0.0,0.0,0.0,0.0
509,298,298,41203,41220,5.67012554477531,18.0,361.0,20.0,0.0,1,0.0,0.0,0.0,0.0
510,63,63,159711,31891,0.0,0.0,18.0,9.0,0.0,0,0.0,0.0,0.0,0.0
511,158,158,36705,36709,3.8532790369159597,9.0,100.0,11.0,1.0,1,0.0,0.0,0.0,0.0
512,295,295,38664,38667,2.4738427563829704,6.0,49.0,8.0,0.0,1,0.0,0.0,0.0,0.0
513,259,259,38232,38235,1.95659338325871,3.0,16.0,5.0,0.0,1,0.0,0.0,0.0,0.0
514,428,428,41376,41377,2.8699952805266804,8.0,81.0,10.0,0.0,1,0.0,0.0,0.0,0.0
515,769,769,212214,31891,0.0,0.0,81.0,30.0,0.0,0,0.0,0.0,0.0,0.0
516,417,417,183441,31891,0.0,0.0,51.0,20.0,0.0,0,0.0,0.0,0.0,0.0
517,1,1,38006,38015,4.67845494301536,12.0,169.0,14.0,0.0,1,0.0,0.0,0.0,0.0
518,650,650,38664,38669,2.8039992301220398,6.0,1617.0,232.0,0.0,1,0.0,0.0,0.0,0.0
519,708,708,239631,31891,0.0,0.0,30.0,13.0,0.0,0,0.0,0.0,0.0,0.0
520,378,378,43018,31891,0.0,0.0,27.0,12.0,0.0,0,0.0,0.0,0.0,0.0
521,359,359,34086,34087,1.82047845325367,2.0,9.0,4.0,1.0,1,0.0,0.0,0.0,0.0
522,209,209,221731,31891,0.0,0.0,24.0,11.0,0.0,0,0.10344827586206896,0.12857142857142856,0.03832752613240418,0.03767123287671233
523,404,404,37413,37419,5.3537078873371104,16.0,493.0,30.0,0.0,1,0.22461928934010153,0.23295454545454544,0.1423728813559322,0.1411111111111111
524,87,87,36710,36717,3.8532790369159597,9.0,100.0,11.0,0.0,1,1.0,1.0,1.0,1.0
525,736,736,138496,31891,0.23868315209103,1.0,21.0,9.0,0.0,0,0.00558659217877095,0.017857142857142856,0.0044444444444444444,0.004405286343612335
526,216,216,40914,40915,2.14758329573017,4.0,25.0,6.0,0.0,1,0.0,0.0,0.0,0.0
527,40,40,34087,34089,1.82047845325367,2.0,9.0,4.0,0.0,1,0.0,0.0,0.0,0.0
528,234,234,41202,41213,5.67012554477531,18.0,361.0,20.0,1.0,1,0.6234567901234568,0.5510204081632653,0.5641025641025641,0.5702479338842975
529,603,603,36237,36240,3.86536278063237,7.0,88.0,12.0,0.651821862348178,1,0.08860759493670886,0.0,0.06349206349206349,0.06349206349206349
530,539,539,212223,31891,0.0,0.0,81.0,30.0,0.0,0,0.027472527472527472,0.03333333333333333,0.008695652173913044,0.008620689655172414
531,588,588,38945,38950,3.1784094886133,7.0,64.0,9.0,0.0,1,0.0,0.0,0.0,0.0
532,222,222,153063,31891,0.0,0.0,78.0,29.0,0.0,0,0.1163895486935867,0.2,0.0729483282674772,0.07164179104477612
533,605,605,130483,31891,0.0,0.0,27.0,12.0,0.0,0,0.031914893617021274,0.0,0.00823045267489712,0.00816326530612245
534,108,108,162157,31891,0.0,0.0,21.0,10.0,0.0,0,0.0,0.0,0.0,0.0
535,397,397,48570,31891,0.0,0.0,48.0,19.0,0.0,0,0.12045454545454545,0.14634146341463414,0.05604719764011799,0.055232558139534885
536,495,495,32956,32967,5.32434022085387,15.0,256.0,17.0,1.0,1,0.0,0.0,0.0,0.0
537,466,466,250700,31891,0.0,0.0,42.0,17.0,0.0,0,0.07788944723618091,0.11290322580645161,0.033582089552238806,0.03333333333333333
538,36,36,75595,31891,0.0,0.0,456.0,155.0,0.0,0,0.0056022408963585435,0.01818181818181818,0.004484304932735426,0.0044444444444444444
539,136,136,109825,31891,0.0,0.0,69.0,26.0,0.0,0,0.0,0.0,0.0,0.0
540,810,810,106234,31891,0.0,0.0,75.0,28.0,0.0,0,0.0,0.0,0.0,0.0
541,394,394,39020,40980,4.967602839354201,15.0,28160.0,321.0,0.0,1,0.0,0.0,0.0,0.0
542,839,839,66596,31891,0.0,0.0,36.0,15.0,0.0,0,0.10059171597633136,0.14563106796116504,0.048426150121065374,0.047619047619047616
543,178,178,39211,39893,2.31271971847382,6.0,341.0,36.0,0.0,1,0.0,0.0,0.0,0.0
544,755,755,164162,31891,0.0,0.0,33.0,14.0,0.0,0,0.09280742459396751,0.1,0.05161290322580645,0.051118210862619806
545,639,639,32963,32965,5.32434022085387,15.0,256.0,17.0,0.0,1,0.0,0.0,0.0,0.0
546,689,689,37410,37418,5.29772596784572,16.0,289.0,18.0,0.0,1,0.25578034682080925,0.23563218390804597,0.1767180925666199,0.1746905089408528
547,710,710,91734,31891,0.0,0.0,27.0,12.0,0.0,0,0.08354430379746836,0.11594202898550725,0.04119850187265917,0.04059040590405904
548,862,862,129899,31891,0.0,0.0,42.0,17.0,0.0,0,0.0,0.0,0.0,0.0
549,367,367,120151,31891,0.0,0.0,51.0,20.0,0.0,0,0.0,0.0,0.0,0.0
550,275,275,237931,31891,0.0,0.0,24.0,11.0,0.0,0,0.05759162303664921,0.04918032786885246,0.011904761904761904,0.011764705882352941
551,580,580,60806,31891,0.0,0.0,27.0,12.0,0.0,0,0.0,0.0,0.0,0.0
552,325,325,183438,31891,0.0,0.0,51.0,20.0,0.0,0,0.072992700729927,0.10666666666666667,0.03496503496503497,0.03436426116838488
553,180,180,176396,31891,0.23868315209103,1.0,36.0,14.0,0.0,0,0.12530712530712532,0.2,0.08273381294964029,0.08185053380782918
554,38,38,35717,35719,1.99247409467951,5.0,60.0,11.0,1.0,1,0.2822902796271638,0.3894736842105263,0.21262458471760798,0.2100656455142232
555,512,512,32488,32491,1.82047845325367,2.0,9.0,4.0,1.0,1,0.0,0.0,0.0,0.0
556,652,652,35721,36526,3.48145994924321,8.0,1825.0,90.0,0.0,1,0.0,0.0,0.0,0.0
557,251,251,153057,31891,0.0,0.0,78.0,29.0,0.0,0,0.0,0.0,0.0,0.0
558,412,412,40014,40018,1.95659338325871,3.0,16.0,5.0,0.0,1,0.0,0.0,0.0,0.0
559,240,240,41210,41214,5.67012554477531,18.0,361.0,20.0,0.0,1,0.0,0.0,0.0,0.0
560,633,633,173787,31891,0.0,0.0,15.0,8.0,0.0,0,0.0,0.0,0.0,0.0
561,420,420,118383,31891,0.0,0.0,57.0,22.0,0.0,0,0.10311750599520383,0.12162162162162163,0.04152249134948097,0.0410958904109589
562,803,803,171246,31891,0.267546386419054,1.0,18.0,8.0,0.0,0,0.08395061728395062,0.09333333333333334,0.04316546762589928,0.04285714285714286
563,618,618,109832,31891,0.0,0.0,69.0,26.0,0.0,0,0.0,0.0,0.0,0.0
564,863,863,35487,35491,4.64291649394233,10.0,121.0,12.0,0.0,1,0.0,0.0,0.0,0.0
565,747,747,106229,31891,0.0,0.0,75.0,28.0,0.0,0,0.0,0.0,0.0,0.0
566,727,727,201141,31891,0.0,0.0,24.0,11.0,0.0,0,0.0,0.0,0.0,0.0
567,447,447,62955,31891,0.0,0.0,78.0,29.0,0.0,0,0.0,0.0,0.0,0.0
568,794,794,66032,31891,0.267546386419054,1.0,69.0,25.0,0.0,0,0.0,0.0,0.0,0.0
569,623,623,35883,35888,3.08096331182837,7.0,64.0,9.0,0.0,1,0.0,0.0,0.0,0.0
570,2,2,36709,36711,3.8532790369159597,9.0,100.0,11.0,0.0,1,0.0,0.0,0.0,0.0
571,369,369,38944,38951,3.2250133536730403,7.0,80.0,11.0,0.0,1,0.0,0.0,0.0,0.0
572,804,804,38944,38947,3.1784094886133,7.0,64.0,9.0,0.0,1,0.0,0.0,0.0,0.0
573,827,827,38814,38816,3.66092159895833,9.0,3465.0,129.0,0.0,1,0.7580645161290323,0.625,0.6875,0.6875
574,372,372,204865,31891,0.0,0.0,42.0,17.0,0.0,0,0.0705596107055961,0.04285714285714286,0.03225806451612903,0.03146853146853147
575,448,448,138498,31891,0.23868315209103,1.0,21.0,9.0,0.0,0,0.0,0.0,0.0,0.0
576,190,190,99411,31891,0.0,0.0,75.0,28.0,0.0,0,0.07951807228915662,0.09333333333333334,0.02711864406779661,0.02666666666666667
577,131,131,38447,31891,0.23868315209103,1.0,1095.0,367.0,0.0,0,0.0,0.0,0.0,0.0
578,622,622,164155,31891,0.0,0.0,33.0,14.0,0.0,0,0.07334963325183375,0.13333333333333333,0.045936395759717315,0.0456140350877193
579,205,205,32492,32493,1.82047845325367,2.0,9.0,4.0,0.0,1,0.0,0.0,0.0,0.0
580,299,299,118078,31891,0.0,0.0,117.0,42.0,0.0,0,0.07109004739336493,0.06172839506172839,0.030100334448160536,0.029801324503311258
581,357,357,35571,35572,1.82047845325367,2.0,27.0,10.0,0.0,1,0.0,0.0,0.0,0.0
582,486,486,38160,38162,4.207353265600919,11.0,216.0,19.0,0.0,1,0.0,0.0,0.0,0.0
583,57,57,33282,33288,2.51668896077654,5.0,36.0,7.0,0.0,1,0.0,0.0,0.0,0.0
584,698,698,35129,35133,1.4429312630505902,4.0,25.0,6.0,1.0,1,0.0,0.0,0.0,0.0
585,61,61,146771,31891,0.0,0.0,27.0,12.0,0.0,0,0.0947136563876652,0.11904761904761904,0.043731778425655975,0.04335260115606936
586,296,296,237930,31891,0.0,0.0,24.0,11.0,0.0,0,0.05759162303664921,0.04918032786885246,0.011904761904761904,0.011764705882352941
587,62,62,37397,37419,5.3537078873371104,16.0,493.0,30.0,0.0,1,0.0,0.0,0.0,0.0
588,353,353,81818,31891,0.0,0.0,30.0,13.0,0.0,0,0.07888040712468193,0.06944444444444445,0.04059040590405904,0.040293040293040296
589,186,186,37746,37749,3.6028696846181805,8.0,81.0,10.0,0.0,1,1.0,1.0,1.0,1.0
590,54,54,39750,39755,4.45671786674266,12.0,169.0,14.0,0.0,1,0.0,0.0,0.0,0.0
591,314,314,32966,32968,5.32434022085387,15.0,256.0,17.0,0.0,1,0.0,0.0,0.0,0.0
592,141,141,36288,36292,2.3315497708825497,6.0,196.0,29.0,0.0,1,0.0,0.0,0.0,0.0
593,583,583,32126,32131,2.33078647317019,5.0,60.0,11.0,1.0,1,0.0,0.0,0.0,0.0
594,840,840,169291,31891,0.0,0.0,12.0,7.0,0.0,0,0.061224489795918366,0.05970149253731343,0.033210332103321034,0.032846715328467155
595,421,421,60899,31891,0.0,0.0,219.0,76.0,0.0,0,0.08375634517766498,0.056338028169014086,0.033210332103321034,0.03237410071942446
596,626,626,134751,31891,0.0,0.0,114.0,41.0,0.0,0,0.0829145728643216,0.1917808219178082,0.0695970695970696,0.06909090909090909
597,695,695,85250,31891,0.0,0.0,54.0,21.0,0.0,0,0.15625,0.21929824561403508,0.10804597701149425,0.10657596371882086
598,114,114,36285,36288,2.11775305701321,6.0,49.0,8.0,1.0,1,0.0,0.0,0.0,0.0
599,193,193,43024,31891,0.0,0.0,54.0,21.0,0.0,0,0.06361323155216285,0.11428571428571428,0.03745318352059925,0.03717472118959108
600,557,557,209292,31891,0.0,0.0,33.0,14.0,0.0,0,0.0,0.0,0.0,0.0
601,452,452,100085,31891,0.23868315209103,1.0,24.0,10.0,0.0,0,0.0,0.0,0.0,0.0
602,779,779,35375,35376,1.16210987537854,2.0,18.0,7.0,0.0,1,0.0,0.0,0.0,0.0
603,602,602,40914,40918,2.14758329573017,4.0,25.0,6.0,0.0,1,0.0,0.0,0.0,0.0
604,102,102,34466,35148,2.7021285643932402,5.0,4920.0,618.0,0.0,1,0.0,0.0,0.0,0.0
605,293,293,34168,34171,2.16404256133344,3.0,16.0,5.0,0.0,1,0.0,0.0,0.0,0.0
606,7,7,35781,35785,1.44269504088896,1.0,4.0,3.0,0.0,1,0.0,0.0,0.0,0.0
607,716,716,41372,41376,3.0311007900449,8.0,270.0,31.0,0.0,1,0.0,0.0,0.0,0.0
608,740,740,37371,37372,2.00080566744021,3.0,64.0,17.0,0.0,1,1.0,1.0,1.0,1.0
609,468,468,41036,41038,3.56476047488388,8.0,81.0,10.0,0.0,1,0.0,0.0,0.0,0.0
610,65,65,60812,31891,0.0,0.0,66.0,25.0,0.0,0,0.0,0.0,0.0,0.0
611,400,400,61609,31891,0.0,0.0,207.0,72.0,0.0,0,0.09903381642512077,0.12857142857142856,0.06872852233676977,0.06779661016949153
612,666,666,35232,37887,2.43734052733918,5.0,1746.0,110.0,0.0,1,0.0,0.0,0.0,0.0
613,44,44,41207,41219,5.67012554477531,18.0,361.0,20.0,0.0,1,0.0,0.0,0.0,0.0
614,340,340,37219,37228,2.48533973823845,4.0,25.0,6.0,1.0,1,0.0,0.0,0.0,0.0
615,877,877,111304,31891,0.0,0.0,12.0,7.0,0.0,0,0.09022556390977443,0.09722222222222222,0.045936395759717315,0.0456140350877193
616,582,582,111472,31891,0.0,0.0,27.0,12.0,0.0,0,0.06818181818181818,0.03125,0.018115942028985508,0.017985611510791366
617,586,586,145766,31891,0.0,0.0,12.0,7.0,0.0,0,0.0,0.0,0.0,0.0
618,200,200,191941,31891,0.267546386419054,1.0,45.0,17.0,0.0,0,0.0,0.0,0.0,0.0
619,632,632,118079,31891,0.0,0.0,105.0,38.0,0.0,0,0.07109004739336493,0.06172839506172839,0.030100334448160536,0.029801324503311258
620,212,212,95290,31891,0.0,0.0,60.0,23.0,0.0,0,0.0,0.0,0.0,0.0
621,332,332,111303,31891,0.0,0.0,12.0,7.0,0.0,0,0.0,0.0,0.0,0.0
622,176,176,35031,35036,2.16404256133344,3.0,16.0,5.0,1.0,1,0.0,0.0,0.0,0.0
623,481,481,269891,31891,0.267546386419054,1.0,45.0,17.0,0.0,0,0.075,0.10256410256410256,0.04363636363636364,0.04332129963898917
624,855,855,43668,31891,0.0,0.0,27.0,12.0,0.0,0,0.0,0.0,0.0,0.0
625,33,33,41204,41208,9.58500354974784,28.0,1392.0,49.0,0.0,1,0.19611650485436893,0.20610687022900764,0.13387423935091278,0.1377245508982036
626,711,711,239190,31891,0.0,0.0,33.0,14.0,0.0,0,0.0,0.0,0.0,0.0
627,687,687,164156,31891,0.0,0.0,33.0,14.0,0.0,0,0.07334963325183375,0.13333333333333333,0.045936395759717315,0.0456140350877193
628,111,111,39752,39755,4.45671786674266,12.0,169.0,14.0,0.0,1,0.0,0.0,0.0,0.0
629,288,288,176389,31891,0.23868315209103,1.0,36.0,14.0,0.0,0,0.11138014527845036,0.14864864864864866,0.0636042402826855,0.06315789473684211
630,308,308,244330,31891,0.23868315209103,1.0,60.0,22.0,0.0,0,0.0,0.0,0.0,0.0
631,619,619,271539,31891,0.23868315209103,1.0,60.0,22.0,0.0,0,0.04521276595744681,0.04918032786885246,0.015151515151515152,0.015037593984962405
632,345,345,180981,31891,0.0,0.0,33.0,14.0,0.0,0,0.0,0.0,0.0,0.0
633,819,819,239198,31891,0.0,0.0,33.0,14.0,0.0,0,0.0,0.0,0.0,0.0
634,830,830,94533,31891,0.0,0.0,210.0,73.0,0.0,0,0.15660377358490565,0.2169811320754717,0.08872901678657075,0.0883054892601432
635,752,752,129897,31891,0.0,0.0,42.0,17.0,0.0,0,0.09832134292565947,0.1518987341772152,0.05653710247349823,0.055944055944055944
636,329,329,35129,35132,1.83917538082842,4.0,425.0,86.0,0.0,1,0.0,0.0,0.0,0.0
637,455,455,128023,31891,0.0,0.0,27.0,12.0,0.0,0,0.09339407744874716,0.1111111111111111,0.03903903903903904,0.03880597014925373
638,64,64,83320,31891,0.267546386419054,1.0,45.0,17.0,0.0,0,0.11159737417943107,0.12222222222222222,0.06027397260273973,0.059782608695652176
639,243,243,38680,38685,2.28103719510308,4.0,25.0,6.0,1.0,1,0.0,0.0,0.0,0.0
640,825,825,41251,41253,1.44269504088896,1.0,4.0,3.0,1.0,1,0.0,0.0,0.0,0.0
641,836,836,37746,37750,3.64095690650735,8.0,99.0,12.0,0.0,1,1.0,1.0,1.0,1.0
642,824,824,41251,41253,1.44269504088896,1.0,4.0,3.0,1.0,1,0.0,0.0,0.0,0.0
643,449,449,40888,40896,3.7672223348665694,10.0,308.0,29.0,0.0,1,0.0,0.0,0.0,0.0
644,506,506,159712,31891,0.0,0.0,18.0,9.0,0.0,0,0.09579439252336448,0.14634146341463414,0.0529595015576324,0.052307692307692305
645,330,330,39067,39068,1.44269504088896,1.0,4.0,3.0,0.0,1,0.0,0.0,0.0,0.0
646,126,126,141153,31891,0.0,0.0,39.0,16.0,0.0,0,0.0815347721822542,0.10526315789473684,0.05244755244755245,0.052083333333333336
647,220,220,95300,31891,0.0,0.0,51.0,20.0,0.0,0,0.0,0.0,0.0,0.0
648,442,442,40978,40979,1.34904749416623,3.0,40.0,11.0,0.0,1,0.0,0.0,0.0,0.0
649,688,688,37410,37412,5.362143083532692,16.0,544.0,33.0,0.0,1,0.6040955631399317,0.5774647887323944,0.5060240963855421,0.5059760956175299
650,10,10,41204,41213,5.751431049863089,18.0,912.0,49.0,0.0,1,0.6234567901234568,0.5510204081632653,0.5641025641025641,0.5702479338842975
651,620,620,35717,35721,3.838351365599721,9.0,250.0,26.0,0.0,1,0.30677290836653387,0.2987012987012987,0.25213675213675213,0.25213675213675213
652,604,604,36237,36240,3.86536278063237,7.0,88.0,12.0,0.651821862348178,1,0.08860759493670886,0.0,0.06349206349206349,0.06349206349206349
653,673,673,171317,31891,0.0,0.0,36.0,15.0,0.0,0,0.008333333333333333,0.017857142857142856,0.004424778761061947,0.0043859649122807015
654,22,22,36195,36198,3.33101563612743,9.0,165.0,17.0,0.0,1,0.0,0.0,0.0,0.0
655,873,873,144684,31891,0.0,0.0,24.0,11.0,0.0,0,0.14386792452830188,0.24675324675324675,0.1174496644295302,0.11627906976744186
656,283,283,39590,39602,4.61144383489809,12.0,182.0,15.0,0.0,1,0.0,0.0,0.0,0.0
657,318,318,35572,35573,1.36535883994026,2.0,9.0,4.0,0.0,1,0.0,0.0,0.0,0.0
658,519,519,35300,35302,1.74990559310335,4.0,70.0,15.0,0.5197368421052629,1,0.2222222222222222,0.26627218934911245,0.1478029294274301,0.14602346805736635
659,354,354,238950,31891,0.23868315209103,1.0,60.0,22.0,0.0,0,0.11395348837209303,0.14102564102564102,0.057432432432432436,0.05704697986577181
660,443,443,38940,38944,3.31968456368118,7.0,152.0,20.0,0.0,1,0.0,0.0,0.0,0.0
661,8,8,35128,35130,1.7304579969148701,4.0,100.0,21.0,0.0,1,0.0,0.0,0.0,0.0
662,309,309,36167,36171,2.48533973823845,4.0,65.0,14.0,0.0,1,0.0,0.0,0.0,0.0
663,60,60,118092,31891,0.0,0.0,192.0,67.0,0.0,0,0.0,0.0,0.0,0.0
664,84,84,41034,41038,3.56476047488388,8.0,81.0,10.0,0.0,1,0.0,0.0,0.0,0.0
665,171,171,38942,38945,3.1784094886133,7.0,64.0,9.0,1.0,1,0.0,0.0,0.0,0.0
666,281,281,36138,36293,4.7581163512038085,11.0,429.0,35.0,0.0,1,0.0,0.0,0.0,0.0
667,436,436,47786,31891,0.0,0.0,99.0,36.0,0.0,0,0.0,0.0,0.0,0.0
668,491,491,43021,31891,0.0,0.0,69.0,26.0,0.0,0,0.1048951048951049,0.16666666666666666,0.06818181818181818,0.06752411575562701
669,674,674,240933,31891,0.506229538510084,2.0,33.0,12.0,0.0,0,0.06217616580310881,0.109375,0.044,0.04365079365079365
670,244,244,38168,40568,1.47673324869109,3.0,1360.0,98.0,0.0,1,0.0,0.0,0.0,0.0
671,53,53,40665,40668,2.16404256133344,3.0,16.0,5.0,1.0,1,0.0,0.0,0.0,0.0
672,776,776,247562,31891,0.0,0.0,45.0,18.0,0.0,0,0.06862745098039216,0.05128205128205128,0.021052631578947368,0.020905923344947737
673,807,807,35880,35886,3.23834620564269,7.0,176.0,23.0,0.0,1,0.0,0.0,0.0,0.0
674,482,482,37808,37810,2.34490315064182,4.0,45.0,10.0,0.0,1,0.0,0.0,0.0,0.0
675,34,34,41421,41422,1.36535883994026,3.0,52.0,14.0,0.0,1,0.0,0.0,0.0,0.0
676,25,25,31891,31892,1.17778561304589,2.0,198.0,67.0,0.0,1,0.0,0.0,0.0,0.0
677,162,162,41032,41039,3.56476047488388,8.0,81.0,10.0,0.0,1,0.0,0.0,0.0,0.0
678,174,174,40324,40327,1.71614420977722,3.0,16.0,5.0,1.0,1,0.0,0.0,0.0,0.0
679,616,616,41031,41038,3.56476047488388,8.0,81.0,10.0,0.0,1,0.0,0.0,0.0,0.0
680,414,414,40911,40917,2.48533973823845,4.0,170.0,35.0,0.3799126637554579,1,0.0,0.0,0.0,0.0
681,117,117,70968,31891,0.0,0.0,36.0,15.0,0.0,0,0.0,0.0,0.0,0.0
682,502,502,164161,31891,0.0,0.0,81.0,30.0,0.0,0,0.14616755793226383,0.19658119658119658,0.08624229979466119,0.08450704225352113
683,313,313,53147,31891,0.0,0.0,705.0,238.0,0.0,0,0.061224489795918366,0.07142857142857142,0.026217228464419477,0.026022304832713755
684,858,858,40204,40213,4.60324167820821,12.0,169.0,14.0,1.0,1,0.0,0.0,0.0,0.0
685,203,203,39021,41275,3.6303413169205294,12.0,2800.0,94.0,0.0,1,0.0,0.0,0.0,0.0
686,834,834,67560,31891,0.0,0.0,111.0,40.0,0.0,0,0.0,0.0,0.0,0.0
687,498,498,38680,38686,2.48533973823845,4.0,55.0,12.0,0.0,1,0.0,0.0,0.0,0.0
688,704,704,38942,38943,3.1784094886133,7.0,64.0,9.0,1.0,1,0.0,0.0,0.0,0.0
689,43,43,32956,32972,5.32434022085387,15.0,256.0,17.0,1.0,1,0.0,0.0,0.0,0.0
690,774,774,118080,31891,0.0,0.0,117.0,42.0,0.0,0,0.14184397163120568,0.216,0.08301158301158301,0.08159392789373814
691,392,392,204867,31891,0.0,0.0,42.0,17.0,0.0,0,0.08353808353808354,0.09090909090909091,0.03636363636363636,0.036101083032490974
692,379,379,83321,31891,0.267546386419054,1.0,45.0,17.0,0.0,0,0.11159737417943107,0.12222222222222222,0.06027397260273973,0.059782608695652176
693,239,239,37417,37421,5.44322533085745,16.0,2108.0,125.0,0.0,1,0.3285302593659942,0.28125,0.20448179271708683,0.20385674931129477
694,229,229,40307,40310,2.6667369881082403,5.0,36.0,7.0,0.0,1,0.0,0.0,0.0,0.0
695,416,416,40980,31891,0.0,0.0,528.0,179.0,0.0,0,0.0,0.0,0.0,0.0
696,872,872,40979,40980,1.8769895227922202,3.0,1760.0,183.0,0.0,1,0.0,0.0,0.0,0.0
697,113,113,72897,31891,0.0,0.0,21.0,10.0,0.0,0,0.0,0.0,0.0,0.0
698,821,821,204985,31891,0.23868315209103,1.0,9.0,5.0,0.0,0,0.0,0.0,0.0,0.0
699,358,358,73096,31891,0.0,0.0,63.0,24.0,0.0,0,0.1054945054945055,0.12643678160919541,0.06432748538011696,0.06395348837209303
700,835,835,217611,31891,0.0,0.0,12.0,7.0,0.0,0,0.1024390243902439,0.09375,0.03873239436619718,0.03832752613240418
701,550,550,39751,39752,4.45671786674266,12.0,169.0,14.0,0.0,1,0.0,0.0,0.0,0.0
702,649,649,40978,40981,1.061994455625,3.0,16.0,5.0,0.0,1,0.0,0.0,0.0,0.0
703,431,431,63592,31891,0.0,0.0,141.0,50.0,0.0,0,0.1349036402569593,0.23469387755102042,0.08648648648648649,0.08533333333333333
704,317,317,109822,31891,0.0,0.0,87.0,32.0,0.0,0,0.07276995305164319,0.1111111111111111,0.037800687285223365,0.03754266211604096
705,464,464,95295,31891,0.0,0.0,51.0,20.0,0.0,0,0.0,0.0,0.0,0.0
706,246,246,66036,31891,0.267546386419054,1.0,48.0,18.0,0.0,0,0.08801955990220049,0.125,0.055944055944055944,0.05517241379310345
707,701,701,38000,38008,4.67845494301536,12.0,169.0,14.0,1.0,1,0.0,0.0,0.0,0.0
708,816,816,35300,35306,2.1053679419881104,4.0,602.0,53.0,0.0,1,0.0,0.0,0.0,0.0
709,292,292,106114,31891,0.267546386419054,1.0,24.0,10.0,0.0,0,0.0,0.0,0.0,0.0
710,656,656,211714,31891,0.0,0.0,90.0,33.0,0.0,0,0.07444168734491315,0.1044776119402985,0.03018867924528302,0.029850746268656716
711,215,215,40936,40938,2.48533973823845,4.0,25.0,6.0,0.0,1,0.0,0.0,0.0,0.0
712,664,664,87764,31891,0.0,0.0,15.0,8.0,0.0,0,0.0,0.0,0.0,0.0
713,757,757,41506,31891,0.0,0.0,57.0,22.0,0.0,0,0.0,0.0,0.0,0.0
714,188,188,40309,40310,2.6667369881082403,5.0,36.0,7.0,0.0,1,0.0,0.0,0.0,0.0
715,122,122,195027,31891,0.0,0.0,24.0,11.0,0.0,0,0.0,0.0,0.0,0.0
716,802,802,36283,36292,3.26109809215315,8.0,252.0,29.0,0.0,1,0.12727272727272726,0.14,0.047493403693931395,0.04712041884816754
717,140,140,32434,32435,0.30010162850041305,1.0,36.0,19.0,0.156156156156156,1,0.0,0.0,0.0,0.0
718,680,680,38013,38015,4.67845494301536,12.0,169.0,14.0,0.0,1,0.0,0.0,0.0,0.0
719,413,413,36138,36291,2.74246733135862,7.0,468.0,42.0,0.0,1,0.0,0.0,0.0,0.0
720,227,227,50537,31891,0.0,0.0,12.0,7.0,0.0,0,0.0,0.0,0.0,0.0
721,187,187,32959,32970,5.32434022085387,15.0,256.0,17.0,0.0,1,0.0,0.0,0.0,0.0
722,207,207,32963,32968,5.32434022085387,15.0,256.0,17.0,0.0,1,0.0,0.0,0.0,0.0
723,838,838,175360,31891,0.0,0.0,33.0,14.0,0.0,0,0.0,0.0,0.0,0.0
724,875,875,32150,32154,2.16404256133344,3.0,16.0,5.0,1.0,1,0.0,0.0,0.0,0.0
725,86,86,41033,41039,3.56476047488388,8.0,81.0,10.0,0.0,1,0.0,0.0,0.0,0.0
726,92,92,38355,31891,0.0,0.0,78.0,29.0,0.0,0,0.08955223880597014,0.1232876712328767,0.04395604395604396,0.04363636363636364
727,562,562,32126,32127,4.51019598729719,9.0,100.0,11.0,1.0,1,0.990909090909091,0.9743589743589743,0.9819819819819819,0.9824561403508771
728,232,232,36897,39204,2.24336895447222,8.0,1357.0,74.0,0.0,1,0.0,0.0,0.0,0.0
729,543,543,41204,41221,5.780386854478401,18.0,1200.0,55.0,0.0,1,0.0,0.0,0.0,0.0
730,515,515,33193,31891,0.0,0.0,108.0,39.0,0.0,0,0.0,0.0,0.0,0.0
731,138,138,41207,41216,5.75412659803509,18.0,950.0,51.0,0.0,1,0.0,0.0,0.0,0.0
732,777,777,41205,41209,5.67012554477531,18.0,361.0,20.0,0.0,1,1.0,1.0,1.0,1.0
733,471,471,41205,41217,5.67012554477531,18.0,361.0,20.0,0.0,1,0.0,0.0,0.0,0.0
734,759,759,176387,31891,0.23868315209103,1.0,36.0,14.0,0.0,0,0.12530712530712532,0.2,0.08273381294964029,0.08185053380782918
735,714,714,212213,31891,0.0,0.0,81.0,30.0,0.0,0,0.09803921568627451,0.16901408450704225,0.05714285714285714,0.056338028169014086
736,192,192,40591,40596,1.6633189900180605,3.0,108.0,28.0,0.0,1,0.0,0.0,0.0,0.0
737,640,640,162154,31891,0.0,0.0,21.0,10.0,0.0,0,0.0,0.0,0.0,0.0
738,115,115,36285,36288,2.11775305701321,6.0,49.0,8.0,1.0,1,0.0,0.0,0.0,0.0
739,662,662,79600,31891,0.0,0.0,72.0,27.0,0.0,0,0.08142493638676845,0.17647058823529413,0.052830188679245285,0.05185185185185185
740,809,809,37515,37516,4.32851645592004,11.0,360.0,31.0,0.0,1,0.6907216494845361,0.5409836065573771,0.6036585365853658,0.6060606060606061
741,749,749,238505,31891,0.0,0.0,42.0,17.0,0.0,0,0.1282051282051282,0.15476190476190477,0.07471264367816093,0.07323943661971831
742,82,82,41423,41424,3.95039048724123,8.0,81.0,10.0,1.0,1,0.0,0.0,0.0,0.0
743,383,383,175364,31891,0.0,0.0,105.0,38.0,0.0,0,0.0,0.0,0.0,0.0
744,470,470,36712,36715,3.8532790369159597,9.0,100.0,11.0,0.0,1,0.64,0.5833333333333334,0.50920245398773,0.5120481927710844
745,462,462,34432,34433,2.19781300437417,4.0,85.0,18.0,0.0,1,0.0,0.0,0.0,0.0
746,801,801,35880,35885,3.08096331182837,7.0,64.0,9.0,0.0,1,0.0,0.0,0.0,0.0
747,614,614,32126,32129,4.51019598729719,9.0,100.0,11.0,1.0,1,0.0,0.0,0.0,0.0
748,784,784,100086,31891,0.506229538510084,2.0,177.0,60.0,0.0,0,0.08333333333333333,0.057971014492753624,0.03691275167785235,0.036544850498338874
749,815,815,106221,31891,0.0,0.0,111.0,40.0,0.0,0,0.08653846153846154,0.10526315789473684,0.03934426229508197,0.03896103896103896
750,256,256,39747,39757,4.45671786674266,12.0,169.0,14.0,1.0,1,0.0,0.0,0.0,0.0
751,778,778,175359,31891,0.0,0.0,33.0,14.0,0.0,0,0.0,0.0,0.0,0.0
752,123,123,36709,36712,3.8532790369159597,9.0,100.0,11.0,0.0,1,0.0,0.0,0.0,0.0
753,546,546,36194,36195,4.88466228327792,10.0,528.0,49.0,0.0,1,0.3459715639810427,0.288135593220339,0.2727272727272727,0.2757009345794392
754,339,339,239637,31891,0.0,0.0,30.0,13.0,0.0,0,0.0,0.0,0.0,0.0
755,851,851,269508,31891,0.23868315209103,1.0,60.0,22.0,0.0,0,0.12826603325415678,0.20833333333333334,0.08053691275167785,0.07894736842105263
756,653,653,34670,34674,1.82047845325367,2.0,261.0,88.0,0.0,1,0.0,0.0,0.0,0.0
757,444,444,36129,36132,1.82047845325367,2.0,9.0,4.0,1.0,1,0.03896103896103896,0.045454545454545456,0.015151515151515152,0.014492753623188406
758,771,771,180690,31891,0.0,0.0,21.0,10.0,0.0,0,0.1388888888888889,0.2222222222222222,0.10571428571428572,0.10451977401129943
759,829,829,41370,41377,3.06392563727588,8.0,414.0,47.0,0.0,1,0.0,0.0,0.0,0.0
760,845,845,258400,31891,0.267546386419054,1.0,39.0,15.0,0.0,0,0.08899297423887588,0.1125,0.048701298701298704,0.04792332268370607
761,405,405,38156,38166,4.15089991748027,11.0,144.0,13.0,0.0,1,0.0,0.0,0.0,0.0
762,849,849,63664,31891,0.0,0.0,12.0,7.0,0.0,0,0.0825,0.05405405405405406,0.03237410071942446,0.03202846975088968
763,797,797,36129,36131,1.82047845325367,2.0,9.0,4.0,1.0,1,0.03896103896103896,0.045454545454545456,0.015151515151515152,0.014492753623188406
764,423,423,198148,31891,0.0,0.0,60.0,23.0,0.0,0,0.1111111111111111,0.08,0.041401273885350316,0.04113924050632911
765,450,450,100456,31891,0.0,0.0,237.0,82.0,0.0,0,0.08395061728395062,0.14473684210526316,0.05338078291814947,0.053003533568904596
766,387,387,45663,31891,0.0,0.0,183.0,64.0,0.0,0,0.0,0.0,0.0,0.0
767,874,874,59544,31891,0.0,0.0,45.0,18.0,0.0,0,0.15214384508990317,0.24666666666666667,0.08701657458563536,0.08571428571428572
768,373,373,209290,31891,0.0,0.0,33.0,14.0,0.0,0,0.08229426433915212,0.07352941176470588,0.039568345323741004,0.039285714285714285
769,787,787,37741,37742,3.6028696846181805,8.0,81.0,10.0,0.0,1,0.3333333333333333,0.2835820895522388,0.3677685950413223,0.37551020408163266
770,518,518,32962,32969,5.32434022085387,15.0,256.0,17.0,0.0,1,0.0,0.0,0.0,0.0
771,199,199,37598,37602,5.458746800941,18.0,1311.0,70.0,0.0,1,0.4793814432989691,0.5766423357664233,0.4117647058823529,0.41116751269035534
772,238,238,92651,31891,0.0,0.0,63.0,24.0,0.0,0,0.00554016620498615,0.0,0.0,0.0
773,753,753,147951,31891,0.23868315209103,1.0,48.0,18.0,0.0,0,0.0,0.0,0.0,0.0
774,16,16,130765,31891,0.0,0.0,12.0,7.0,0.0,0,0.0,0.0,0.0,0.0
775,148,148,159882,31891,0.0,0.0,78.0,29.0,0.0,0,0.0,0.0,0.0,0.0
776,168,168,66038,31891,0.506229538510084,2.0,105.0,36.0,0.0,0,0.0,0.0,0.0,0.0
777,249,249,40016,40017,2.16404256133344,3.0,28.0,8.0,0.0,1,0.0,0.0,0.0,0.0
778,362,362,35246,37887,2.43734052733918,5.0,1746.0,110.0,0.0,1,0.0,0.0,0.0,0.0
779,610,610,180263,31891,0.0,0.0,54.0,21.0,0.0,0,0.0,0.0,0.0,0.0
780,511,511,36168,36172,2.2538760489301204,4.0,25.0,6.0,0.0,1,0.0,0.0,0.0,0.0
781,294,294,138501,31891,0.23868315209103,1.0,21.0,9.0,0.0,0,0.1048951048951049,0.10843373493975904,0.04472843450479233,0.04430379746835443
782,59,59,37600,37603,11.352145630934201,33.0,2686.0,80.0,0.0,1,0.29447115384615385,0.384180790960452,0.20081549439347604,0.19722497522299307
783,73,73,145765,31891,0.0,0.0,12.0,7.0,0.0,0,0.09223300970873786,0.1282051282051282,0.05017921146953405,0.04964539007092199
784,717,717,153056,31891,0.0,0.0,78.0,29.0,0.0,0,0.011049723756906077,0.01694915254237288,0.004347826086956522,0.004310344827586207
785,503,503,211709,31891,0.0,0.0,54.0,21.0,0.0,0,0.11556603773584906,0.14102564102564102,0.06440677966101695,0.06397306397306397
786,529,529,81820,31891,0.0,0.0,21.0,10.0,0.0,0,0.07888040712468193,0.06944444444444445,0.04059040590405904,0.040293040293040296
787,516,516,35877,35883,3.08096331182837,7.0,64.0,9.0,1.0,1,1.0,1.0,1.0,1.0
788,526,526,37513,37518,4.2201009553333995,11.0,144.0,13.0,0.0,1,1.0,1.0,1.0,1.0
789,564,564,40306,40307,2.6667369881082403,5.0,36.0,7.0,0.0,1,0.0,0.0,0.0,0.0
790,198,198,144683,31891,0.0,0.0,69.0,26.0,0.0,0,0.18976545842217485,0.2553191489361702,0.16332378223495703,0.16101694915254236
791,51,51,102978,31891,0.0,0.0,12.0,7.0,0.0,0,0.0,0.0,0.0,0.0
792,842,842,138248,31891,0.0,0.0,21.0,10.0,0.0,0,0.05515587529976019,0.09333333333333334,0.030716723549488054,0.030303030303030304
793,427,427,39751,39757,4.45671786674266,12.0,169.0,14.0,0.0,1,0.0,0.0,0.0,0.0
794,211,211,66029,31891,0.267546386419054,1.0,150.0,52.0,0.0,0,0.0,0.0,0.0,0.0
795,732,732,32126,32128,2.33078647317019,5.0,60.0,11.0,1.0,1,0.990909090909091,0.9743589743589743,0.9819819819819819,0.9824561403508771
796,535,535,102974,31891,0.0,0.0,12.0,7.0,0.0,0,0.0,0.0,0.0,0.0
797,856,856,37596,37601,5.97127512000187,17.0,644.0,34.0,0.0,1,0.0,0.0,0.0,0.0
798,260,260,160335,31891,0.0,0.0,39.0,16.0,0.0,0,0.08294930875576037,0.07792207792207792,0.028662420382165606,0.02821316614420063
799,434,434,41210,41221,5.69908134939062,18.0,475.0,26.0,0.0,1,0.0,0.0,0.0,0.0
800,500,500,38009,38014,4.67845494301536,12.0,169.0,14.0,0.0,1,0.0,0.0,0.0,0.0
801,697,697,36568,36569,3.0833900542185004,6.0,63.0,10.0,0.597989949748744,1,0.0,0.0,0.0,0.0
802,584,584,274241,31891,0.0,0.0,57.0,22.0,0.0,0,0.0,0.0,0.0,0.0
803,617,617,239188,31891,0.0,0.0,33.0,14.0,0.0,0,0.0,0.0,0.0,0.0
804,69,69,35031,35033,2.16404256133344,3.0,16.0,5.0,1.0,1,0.0,0.0,0.0,0.0
805,376,376,54000,31891,0.0,0.0,183.0,64.0,0.0,0,0.0,0.0,0.0,0.0
806,651,651,269513,31891,0.23868315209103,1.0,60.0,22.0,0.0,0,0.07875894988066826,0.028169014084507043,0.025806451612903226,0.025477707006369428
807,723,723,37553,37554,2.16404256133344,3.0,16.0,5.0,0.0,1,1.0,1.0,1.0,1.0
808,820,820,37886,37887,4.6928599305604415,13.0,1358.0,98.0,0.0,1,0.0,0.0,0.0,0.0
809,642,642,44990,31891,0.0,0.0,237.0,82.0,0.0,0,0.0,0.0,0.0,0.0
810,508,508,104012,31891,0.267546386419054,1.0,54.0,20.0,0.0,0,0.1111111111111111,0.15789473684210525,0.06557377049180328,0.06472491909385113
811,591,591,138246,31891,0.0,0.0,21.0,10.0,0.0,0,0.0,0.0,0.0,0.0
812,27,27,41212,41216,5.75412659803509,18.0,950.0,51.0,0.0,1,0.0,0.0,0.0,0.0
813,411,411,154466,31891,0.0,0.0,69.0,26.0,0.0,0,0.0,0.0,0.0,0.0
814,97,97,36071,39696,3.86447064841529,11.0,2511.0,109.0,0.0,1,0.0,0.0,0.0,0.0
815,11,11,111302,31891,0.0,0.0,69.0,26.0,0.0,0,0.0,0.0,0.0,0.0
816,510,510,106238,31891,0.0,0.0,111.0,40.0,0.0,0,0.0,0.0,0.0,0.0
817,846,846,104015,31891,0.0,0.0,24.0,11.0,0.0,0,0.1111111111111111,0.15789473684210525,0.06557377049180328,0.06472491909385113
818,758,758,106231,31891,0.0,0.0,75.0,28.0,0.0,0,0.06923076923076923,0.07042253521126761,0.026022304832713755,0.02564102564102564
819,544,544,32151,32154,2.16404256133344,3.0,16.0,5.0,0.0,1,0.0,0.0,0.0,0.0
820,333,333,38811,38816,2.5697834512507596,6.0,231.0,34.0,0.0,1,0.7580645161290323,0.625,0.6875,0.6875
821,848,848,38810,38813,2.3418847763836803,6.0,49.0,8.0,0.0,1,1.0,1.0,1.0,1.0
822,709,709,34746,34749,2.07671266412259,4.0,105.0,22.0,0.0,1,0.0,0.0,0.0,0.0
823,445,445,38116,38119,2.48533973823845,4.0,25.0,6.0,1.0,1,0.0,0.0,0.0,0.0
824,336,336,35132,37881,3.1855054183080203,9.0,4335.0,127.0,0.0,1,0.0,0.0,0.0,0.0
825,634,634,37224,37228,2.48533973823845,4.0,25.0,6.0,0.0,1,0.0,0.0,0.0,0.0
826,660,660,32491,32492,1.82047845325367,2.0,9.0,4.0,0.0,1,0.0,0.0,0.0,0.0
827,124,124,198073,31891,0.0,0.0,12.0,7.0,0.0,0,0.07281553398058252,0.08974358974358974,0.03436426116838488,0.034129692832764506
828,351,351,38682,38684,2.28103719510308,4.0,25.0,6.0,0.0,1,0.0,0.0,0.0,0.0
829,31,31,41206,41210,5.79938150274611,18.0,2204.0,117.0,0.0,1,0.27445652173913043,0.27835051546391754,0.19130434782608696,0.19602272727272727
830,509,509,37219,37223,2.48533973823845,4.0,25.0,6.0,1.0,1,0.0,0.0,0.0,0.0
831,814,814,37394,37417,5.44322533085745,16.0,2108.0,125.0,0.0,1,0.0,0.0,0.0,0.0
832,150,150,155985,31891,0.0,0.0,15.0,8.0,0.0,0,0.13839285714285715,0.19101123595505617,0.08333333333333333,0.08211143695014662
833,80,80,36714,36716,3.8532790369159597,9.0,100.0,11.0,0.0,1,1.0,1.0,1.0,1.0
834,548,548,54926,31891,0.0,0.0,42.0,17.0,0.0,0,0.0,0.0,0.0,0.0
835,601,601,153059,31891,0.0,0.0,78.0,29.0,0.0,0,0.15071283095723015,0.23529411764705882,0.08293838862559241,0.08120649651972157
836,248,248,37510,37514,4.2765543034540485,11.0,216.0,19.0,0.0,1,0.0,0.0,0.0,0.0
837,19,19,176386,31891,0.23868315209103,1.0,36.0,14.0,0.0,0,0.0,0.0,0.0,0.0
838,312,312,41034,41036,3.56476047488388,8.0,81.0,10.0,0.0,1,0.0,0.0,0.0,0.0
839,3,3,175366,31891,0.0,0.0,33.0,14.0,0.0,0,0.0,0.0,0.0,0.0
840,47,47,32390,38668,2.64176484249153,6.0,126.0,19.0,0.0,1,0.1164021164021164,0.07272727272727272,0.028901734104046242,0.028089887640449437
841,611,611,38000,38011,4.67845494301536,12.0,169.0,14.0,1.0,1,0.0,0.0,0.0,0.0
842,395,395,32960,32972,5.32434022085387,15.0,256.0,17.0,0.0,1,0.0,0.0,0.0,0.0
843,782,782,41422,41425,1.3001104718781202,3.0,36.0,10.0,0.0,1,0.0,0.0,0.0,0.0
844,401,401,138245,31891,0.0,0.0,21.0,10.0,0.0,0,0.0,0.0,0.0,0.0
845,837,837,72898,31891,0.0,0.0,21.0,10.0,0.0,0,0.016574585635359115,0.017543859649122806,0.004366812227074236,0.004329004329004329
846,748,748,92028,31891,0.23868315209103,1.0,84.0,30.0,0.0,0,0.0,0.0,0.0,0.0
847,77,77,37397,37410,5.29772596784572,16.0,289.0,18.0,0.0,1,0.0,0.0,0.0,0.0
848,735,735,162156,31891,0.0,0.0,21.0,10.0,0.0,0,0.0,0.0,0.0,0.0
849,42,42,32151,32155,2.16404256133344,3.0,16.0,5.0,0.0,1,0.0,0.0,0.0,0.0
850,781,781,39593,39599,4.60049577133676,12.0,169.0,14.0,0.0,1,0.0,0.0,0.0,0.0
851,350,350,76393,31891,0.506229538510084,2.0,195.0,66.0,0.0,0,0.0,0.0,0.0,0.0
852,549,549,88455,31891,0.0,0.0,57.0,22.0,0.0,0,0.02197802197802198,0.03389830508474576,0.012987012987012988,0.012875536480686695
853,14,14,37516,37521,4.261856799493,11.0,192.0,17.0,0.0,1,0.6907216494845361,0.5409836065573771,0.6036585365853658,0.6060606060606061
854,621,621,153068,31891,0.0,0.0,78.0,29.0,0.0,0,0.1425531914893617,0.23157894736842105,0.08173076923076923,0.08037825059101655
855,773,773,32960,32969,5.32434022085387,15.0,256.0,17.0,0.0,1,0.0,0.0,0.0,0.0
856,272,272,250139,31891,0.0,0.0,57.0,22.0,0.0,0,0.05759162303664921,0.08064516129032258,0.03614457831325301,0.03571428571428571
857,407,407,195022,31891,0.0,0.0,45.0,18.0,0.0,0,0.08188585607940446,0.07042253521126761,0.03597122302158273,0.03571428571428571
